Instance;Setting;Controller;Tag;PP;TA;SA;IS;PS;RP;OB;RB;MM;Warmup;Duration;NTiers;NBots;NPods;NIStations;NOStations;BotsPerStation;BotsPerISTation;BotsPerOStation;IStationCapacityAvg;OStationCapacityAvg;SKUs;BundlesPlaced;OrdersPlaced;BundlesRejected;OrdersRejected;BundlesInBacklogRemaining;OrdersInBacklogRemaining;BundlesInBacklogAvg;OrdersInBacklogAvg;BundlesHandled;ItemsHandled;LinesHandled;OrdersHandled;UnitsHandled;Collisions;FailedReservations;PathPlanningTimeouts;PathPlanningTimeoutFractional;DistanceTraveled;DistanceTraveledPerBot;DistanceEstimated;DistanceRequestedOptimal;TimeMoving;TimeQueueing;TripDistance;TripTime;TripTimeWithoutQueueing;TripCount;LastMileTripOStationCount;LastMileTripOStationTimeAvg;LastMileTripIStationCount;LastMileTripIStationTimeAvg;OverallAssignedTasks;OverallPodsHandledAtIStations;OverallPodsHandledAtOStations;PodsHandledAtIStationsFractional;PodsHandledAtOStationsFractional;PodsHandledPerIStationPerHour;PodsHandledPerOStationPerHour;RepositioningMoves;PodsHandledPerIStationAvg;PodsHandledPerIStationVar;PodsHandledPerOStationAvg;PodsHandledPerOStationVar;InventoryLevelAvg;InventoryLevelLQ;InventoryLevelUQ;StorageLocationRanks;InvCombinedTotal;InvCombinedRank;InvCombinedAvgRank;InvSpeedTotal;InvSpeedRank;InvSpeedAvgRank;InvUtilityTotal;InvUtilityRank;InvUtilityAvgRank;BundleGenerationStops;OrderGenerationStops;MemoryUsedMax;RealTimeUsed;BundleThroughputRate;ItemThroughputRate;ItemThroughputRateUB;ItemThroughputRateScore;LineThroughputRate;OrderThroughputRate;OrderTurnoverTimeAvg;OrderTurnoverTimeMed;OrderTurnoverTimeLQ;OrderTurnoverTimeUQ;OrderThroughputTimeAvg;OrderThroughputTimeMed;OrderThroughputTimeLQ;OrderThroughputTimeUQ;BundleTurnoverTimeAvg;BundleTurnoverTimeMed;BundleTurnoverTimeLQ;BundleTurnoverTimeUQ;BundleThroughputTimeAvg;BundleThroughputTimeMed;BundleThroughputTimeLQ;BundleThroughputTimeUQ;OrderLatenessAvg;OrderLatenessMed;OrderLatenessLQ;OrderLatenessUQ;OrderOffsetAvg;OrderOffsetMed;OrderOffsetLQ;OrderOffsetUQ;LateOrdersCount;OnTimeOrdersCount;LateOrdersFractional;LateOrdersRate;OnTimeOrdersRate;ItemPileOneAvg;ItemPileOneMed;ItemPileOneLQ;ItemPileOneUQ;InjectedItemPileOneAvg;InjectedItemPileOneMed;InjectedItemPileOneLQ;InjectedItemPileOneUQ;OrderPileOneAvg;OrderPileOneMed;OrderPileOneLQ;OrderPileOneUQ;BundlePileOneAvg;BundlePileOneMed;BundlePileOneLQ;BundlePileOneUQ;InjectedBundlePileOneAvg;InjectedBundlePileOneMed;InjectedBundlePileOneLQ;InjectedBundlePileOneUQ;OSIdleTimeAvg;OSIdleTimeMed;OSIdleTimeLQ;OSIdleTimeUQ;ISIdleTimeAvg;ISIdleTimeMed;ISIdleTimeLQ;ISIdleTimeUQ;OSUpTimeAvg;OSUpTimeMed;OSUpTimeLQ;OSUpTimeUQ;ISUpTimeAvg;ISUpTimeMed;ISUpTimeLQ;ISUpTimeUQ;OSDownTimeAvg;OSDownTimeMed;OSDownTimeLQ;OSDownTimeUQ;ISDownTimeAvg;ISDownTimeMed;ISDownTimeLQ;ISDownTimeUQ;TaskCountNone;TaskTimeNone;TaskCountParkPod;TaskTimeParkPod;TaskCountRepositionPod;TaskTimeRepositionPod;TaskCountInsert;TaskTimeInsert;TaskCountExtract;TaskTimeExtract;TaskCountRest;TaskTimeRest;TaskTimeBusyAvg;TaskTimeBusyAvgFractional;StateCountPickup;StateTimePickup;StateCountSetdown;StateTimeSetdown;StateCountGet;StateTimeGet;StateCountPut;StateTimePut;StateCountRest;StateTimeRest;StateCountMove;StateTimeMove;StateCountEvade;StateTimeEvade;StateCountElevator;StateTimeElevator;TimingDecisionsOverall;TimingPathPlanningAvg;TimingPathPlanningOverall;TimingPathPlanningCount;TimingTaskAllocationAvg;TimingTaskAllocationOverall;TimingTaskAllocationCount;TimingItemStorageAvg;TimingItemStorageOverall;TimingItemStorageCount;TimingPodStorageAvg;TimingPodStorageOverall;TimingPodStorageCount;TimingRepositioningAvg;TimingRepositioningOverall;TimingRepositioningCount;TimingReplenishmentBatchingAvg;TimingReplenishmentBatchingOverall;TimingReplenishmentBatchingCount;TimingOrderBatchingAvg;TimingOrderBatchingOverall;TimingOrderBatchingCount;CustomLogPPString;CustomLogPP1;CustomLogPP2;CustomLogPP3;CustomLogPP4;CustomLogTAString;CustomLogTA1;CustomLogTA2;CustomLogTA3;CustomLogTA4;CustomLogPCString;CustomLogPC1;CustomLogPC2;CustomLogPC3;CustomLogPC4;CustomLogSAString;CustomLogSA1;CustomLogSA2;CustomLogSA3;CustomLogSA4;CustomLogISString;CustomLogIS1;CustomLogIS2;CustomLogIS3;CustomLogIS4;CustomLogPSString;CustomLogPS1;CustomLogPS2;CustomLogPS3;CustomLogPS4;CustomLogRPString;CustomLogRP1;CustomLogRP2;CustomLogRP3;CustomLogRP4;CustomLogOBString;CustomLogOB1;CustomLogOB2;CustomLogOB3;CustomLogOB4;CustomLogRBString;CustomLogRB1;CustomLogRB2;CustomLogRB3;CustomLogRB4;CustomLogMMString;CustomLogMM1;CustomLogMM2;CustomLogMM3;CustomLogMM4;TagSetting1;TagSetting2;TagSetting3;TagControl1;TagControl2;TagControl3
Weighted2;Weighted2;Weighted2;[[1, 0.05, 0.05]];ppFARP2tt;taBA120fft9wcwwm;saAA;isEt0.8;psNt;rpD;obPMy;rbSPdf;mmNC;0;1800;1;6;84;1;3;1.5;6;2;0.1;12;1000;0;416;0;0;200;118;200;183.7741935483871;0;705;663;465;705;0;41;0;0;5122.731008293241;853.7885013822068;4964;5297;809.7039922708573;163.58012145875634;16.47180388518727;20.52224094422849;17.36635435659975;311;102;21.08442286950866;0;0;214;0;99;0;1;0;66;0;0;0;0;2.6666666666666665;0.36979166666666674;0.2767857142857143;0.5952380952380952;0;0;0;0;0;0;0;0;0;0;0;0;99.421875;2.3327311;0;1410;2519.905187642634;0.5595448618124605;1326;930;437.2299551863511;300.15963202726965;140.0977777777773;589.8159235282865;100.75635548900256;20.71295816768162;12.427777777777806;88.30361470757111;0;0;0;0;0;0;0;0;0;0;0;0;-10213.195225028128;-10143.986248958427;-10890.342213960159;-9485.816828324947;0;465;0;0;930;7.133221617092585;7.090909090909091;6.857142857142857;7.451612903225806;5.143099194712097;5.303030303030303;4.771428571428571;5.354838709677419;4.709668109668109;4.757575757575758;4.371428571428571;5;0;0;0;0;0;0;0;0;0.4999865948253976;0.50228188234793;0.4889540604559496;0.5087238416723131;1;1;1;1;1;1;1;1;1;1;1;1;0;0;0;0;0;0;0;0;0;2.52;102;2389.2800215787565;0;0;0;0;108;8129.02603889845;4;58.30833333333334;1753.0510100795343;0.9739172278219635;107;747.4959091424384;101;710.9011905166833;0;0;103;2705.451580068181;4;79.56510098433778;318;6335.720613098898;0;0;0;0;1.7839364999999985;0.00026217192982456143;0.22415700000000002;855;0.004358586448598129;0.9327374999999997;214;2.055490483162517E-06;0.0014038999999999992;683;0.004483511764705881;0.45731819999999984;102;0.004483511764705881;0.45731819999999984;102;1.295E-05;2.59E-05;2;0.0002226055555555554;0.16828979999999988;756;;NaN;NaN;NaN;NaN;;NaN;NaN;NaN;NaN;PForO_-3.05607476635514_6.011682242990656_28.35280373831776;-3.05607476635514;6.011682242990656;28.35280373831776;NaN;;NaN;NaN;NaN;NaN;;NaN;NaN;NaN;NaN;;NaN;NaN;NaN;NaN;;NaN;NaN;NaN;NaN;1.0416666666666667_-10489.834332304346;NaN;1.0416666666666667;NaN;NaN;;NaN;NaN;NaN;NaN;;NaN;NaN;NaN;NaN;;;;;;
Weighted2;Weighted2;Weighted2;[[1, 0.05, 0.05]];ppFARP2tt;taBA120fft9wcwwm;saAA;isEt0.8;psNt;rpD;obPMy;rbSPdf;mmNC;0;1800;1;6;84;1;3;1.5;6;2;0.1;12;1000;0;432;0;0;200;91;200;179.93548387096774;0;759;723;507;759;0;53;0;0;4842.548931179336;807.0914885298894;4653;5025;771.7241040918137;187.06736290934487;16.141829770597788;20.770259452015186;17.028912193828287;300;102;20.870516794523905;0;0;207;0;98;0;1;0;65.33333333333333;0;0;0;0;5.5555555555555545;0.3578869047619047;0.2636904761904762;0.5952380952380952;0;0;0;0;0;0;0;0;0;0;0;0;101.53125;1.2378672;0;1518;2534.887744595867;0.5988430861430561;1446;1014;467.52607817398666;346.7321284308091;134.30185424949246;663.4102813742451;84.82220006395599;24.235555555555294;12.965007192930898;80.04870130606349;0;0;0;0;0;0;0;0;0;0;0;0;-10208.141286775222;-10192.15110916934;-10787.734058736458;-9571.290239952941;0;507;0;0;1014;7.8267622461170845;8.290322580645162;6.222222222222222;8.96774193548387;5.818100358422939;6.032258064516129;4.583333333333333;6.838709677419355;5.227598566308244;5.290322580645161;4.166666666666667;6.225806451612903;0;0;0;0;0;0;0;0;0.46192766019238746;0.4535138928849636;0.4066060045322442;0.5256630831599547;1;1;1;1;1;1;1;1;1;1;1;1;0;0;0;0;0;0;0;0;0;2.52;99;2272.769552621723;0;0;0;0;103;8253.075815067645;5;59.76018758282572;1754.307561281561;0.9746153118230895;103;722.8314934696944;97;682.9432395419263;0;0;101;2932.4915800681856;5;82.88741699798219;306;6166.971825194403;0;0;0;0;0.846038699999997;9.992037267080741E-05;0.08043589999999996;805;0.002387178743961354;0.4941460000000003;207;1.183765347885399E-06;0.0008676999999999975;733;0.0018119767676767675;0.17938569999999998;99;0.0018119767676767675;0.17938569999999998;99;8.7E-06;1.74E-05;2;0.00011243575832305797;0.09118540000000001;811;;NaN;NaN;NaN;NaN;;NaN;NaN;NaN;NaN;PForO_-3.349514563106796_5.863807982740024_28.193365695792874;-3.349514563106796;5.863807982740024;28.193365695792874;NaN;;NaN;NaN;NaN;NaN;;NaN;NaN;NaN;NaN;;NaN;NaN;NaN;NaN;;NaN;NaN;NaN;NaN;1.102880658436214_-10632.958475059393;NaN;1.102880658436214;NaN;NaN;;NaN;NaN;NaN;NaN;;NaN;NaN;NaN;NaN;;;;;;
Weighted2;Weighted2;Weighted2;[[1, 0.05, 0.05]];ppFARP2tt;taBA120fft9wcwwm;saAA;isEt0.8;psNt;rpD;obPMy;rbSPdf;mmNC;0;1800;1;6;84;1;3;1.5;6;2;0.1;12;1000;0;426;0;0;200;77;200;171.58064516129033;0;794;754;516;794;0;27;0;0;4750.071231868344;791.678538644724;4584;4844;753.8870024968179;175.43257421966402;16.49330288843175;21.340655080837294;17.685809784594294;288;96;21.9838779295911;0;0;199;0;93;0;1;0;62;0;0;0;0;0.6666666666666666;0.3425595238095238;0.24047619047619048;0.5952380952380952;0;0;0;0;0;0;0;0;0;0;0;0;112.84765625;1.7132293;0;1588;2548.0895747255445;0.6232119999827886;1508;1032;425.5601636024136;283.59574313838095;128.43388888888865;612.351948040905;88.03518250949935;24.947777777777787;13.654999999999859;88.29611111111149;0;0;0;0;0;0;0;0;0;0;0;0;-10249.70625053381;-10175.572333118984;-10905.46595354605;-9578.883369548603;0;516;0;0;1032;8.551254480286739;8.387096774193548;8;9.266666666666667;6.310439068100358;6.0625;5.935483870967742;6.933333333333334;5.556137992831541;5.32258064516129;5.3125;6.033333333333333;0;0;0;0;0;0;0;0;0.4380786569254489;0.44856201404778834;0.4089544641738415;0.4567194925547169;1;1;1;1;1;1;1;1;1;1;1;1;0;0;0;0;0;0;0;0;0;2.52;95;2314.6948591101755;0;0;0;0;99;8200.900842062392;5;59.76018758282572;1752.599283528761;0.9736662686270894;98;689.7442496686947;93;654.5650071929249;0;0;96;3081.8148196101006;5;82.76850859062581;294;6068.983303693047;0;0;0;0;1.1526557000000022;0.0001818112623762375;0.1469034999999999;808;0.003110348743718592;0.6189593999999998;199;1.712958115183248E-06;0.0013087000000000014;764;0.0026041199999999997;0.24739139999999996;95;0.0026041199999999997;0.24739139999999996;95;1.045E-05;2.09E-05;2;0.00017410945775535948;0.13806880000000007;793;;NaN;NaN;NaN;NaN;;NaN;NaN;NaN;NaN;PForO_-3.727272727272727_5.247755331088665_27.682659932659913;-3.727272727272727;5.247755331088665;27.682659932659913;NaN;;NaN;NaN;NaN;NaN;;NaN;NaN;NaN;NaN;;NaN;NaN;NaN;NaN;;NaN;NaN;NaN;NaN;1.1300813008130082_-10693.941033484754;NaN;1.1300813008130082;NaN;NaN;;NaN;NaN;NaN;NaN;;NaN;NaN;NaN;NaN;;;;;;
Weighted2;Weighted2;Weighted2;[[1, 0.05, 0.05]];ppFARP2tt;taBA120fft9wcwwm;saAA;isEt0.8;psNt;rpD;obPMy;rbSPdf;mmNC;0;1800;1;6;84;1;3;1.5;6;2;0.1;12;1000;0;425;0;0;200;79;200;177.16129032258064;0;788;747;512;788;0;37;0;0;4956.560629373402;826.0934382289003;4786;5090;784.8062325698562;150.80915583004716;16.68875632785657;20.578746410728442;17.532096798000218;297;99;21.728351772503178;0;0;206;0;96;0;1;0;64;0;0;0;0;2;0.3508928571428571;0.2636904761904762;0.5952380952380952;0;0;0;0;0;0;0;0;0;0;0;0;113.6484375;1.4778094;0;1576;2542.629506777045;0.6198307680294667;1494;1024;473.94061315925643;321.946652280821;141.90445163736695;677.2389826803019;93.28409817974668;27.17583692979133;16.74666666666667;78.22722222222319;0;0;0;0;0;0;0;0;0;0;0;0;-10197.34531205643;-10173.840386714375;-10774.818052348828;-9532.993478404642;0;512;0;0;1024;8.236875395319418;8.64516129032258;7.323529411764706;8.741935483870968;6.203668564199873;6.580645161290323;5.352941176470588;6.67741935483871;5.357368753953195;5.645161290322581;4.588235294117647;5.838709677419355;0;0;0;0;0;0;0;0;0.44097624788813267;0.42678425126712966;0.42481244573817134;0.4713320466590969;1;1;1;1;1;1;1;1;1;1;1;1;0;0;0;0;0;0;0;0;0;2.52;98;2292.089199318226;0;0;0;0;103;8238.320021578773;5;58.79611111111112;1755.0682034828333;0.9750378908237962;101;710.7148196100976;97;679.7181313646633;0;0;100;3057.0002741813305;5;82.71424966869868;304;6061.577857183319;0;0;0;0;1.0383937999999968;0.00012575685096153855;0.10462970000000006;832;0.0029568834951456302;0.6091179999999998;206;1.437615894039732E-06;0.0010853999999999977;755;0.0021470326530612237;0.21040919999999994;98;0.0021470326530612237;0.21040919999999994;98;1.16E-05;2.32E-05;2;0.00014070385572139297;0.11312589999999995;804;;NaN;NaN;NaN;NaN;;NaN;NaN;NaN;NaN;PForO_-3.627450980392157_5.956154684095863_28.69199346405227;-3.627450980392157;5.956154684095863;28.69199346405227;NaN;;NaN;NaN;NaN;NaN;;NaN;NaN;NaN;NaN;;NaN;NaN;NaN;NaN;;NaN;NaN;NaN;NaN;1.1781376518218623_-10714.723096047852;NaN;1.1781376518218623;NaN;NaN;;NaN;NaN;NaN;NaN;;NaN;NaN;NaN;NaN;;;;;;
Weighted2;Weighted2;Weighted2;[[1, 0.05, 1]];ppFARP2tt;taBA120fft9wcwwm;saAA;isEt0.8;psNt;rpD;obPMy;rbSPdf;mmNC;0;1800;1;6;84;1;3;1.5;6;2;0.1;12;1000;0;415;0;0;200;99;200;183.74193548387098;0;756;713;483;756;0;35;0;0;5021.224736518927;836.8707894198211;4871;5181;790.8143722317938;159.76708033628293;16.571698800392497;20.530509670160438;17.366805109045924;303;102;20.65172198190243;0;0;209;0;98;0;1;0;65.33333333333333;0;0;0;0;1.5555555555555554;0.35624999999999996;0.2726190476190476;0.5952380952380952;0;0;0;0;0;0;0;0;0;0;0;0;115.5078125;1.1883665;0;1512;2532.9896597104917;0.5969230842311509;1426;966;473.1131575207523;252.61028137424046;114.79490620858701;672.6673016277912;94.93862913485731;24.658239541920352;16.089906208587024;78.69111111111124;0;0;0;0;0;0;0;0;0;0;0;0;-10211.917022543581;-10148.418357457613;-10908.711390158525;-9508.08457619349;0;483;0;0;966;7.7320165602898046;8.161290322580646;6.852941176470588;8.181818181818182;5.841939317271385;6.161290322580645;4.970588235294118;6.393939393939394;4.94768366779752;5.212121212121212;4.147058823529412;5.483870967741935;0;0;0;0;0;0;0;0;0.464004879557631;0.46369488143296117;0.42487350090432374;0.5034462563356079;1;1;1;1;1;1;1;1;1;1;1;1;0;0;0;0;0;0;0;0;0;2.52;100;2307.9392496686864;0;0;0;0;104;8207.720468957057;5;58.79611111111112;1752.6099531042903;0.9736721961690502;104;731.2226767934374;98;689.8687013060664;0;0;101;2917.8311111111134;5;82.22906208586437;309;6155.824278440372;0;0;0;0;0.8121427000000018;0.00010379711417816812;0.08272629999999999;797;0.002113420095693779;0.44170479999999973;209;1.1636612021857938E-06;0.000851800000000001;732;0.0017749600000000019;0.17749600000000018;100;0.0017749600000000019;0.17749600000000018;100;9.450000000000001E-06;1.8900000000000002E-05;2;0.00013840582278481007;0.10934059999999995;790;;NaN;NaN;NaN;NaN;;NaN;NaN;NaN;NaN;PForO_-3.3461538461538463_6.231570512820516_28.819711538461544;-3.3461538461538463;6.231570512820516;28.819711538461544;NaN;;NaN;NaN;NaN;NaN;;NaN;NaN;NaN;NaN;;NaN;NaN;NaN;NaN;;NaN;NaN;NaN;NaN;1.199134199134199_-10629.698899743813;NaN;1.199134199134199;NaN;NaN;;NaN;NaN;NaN;NaN;;NaN;NaN;NaN;NaN;;;;;;
Weighted2;Weighted2;Weighted2;[[1, 0.05, 1]];ppFARP2tt;taBA120fft9wcwwm;saAA;isEt0.8;psNt;rpD;obPMy;rbSPdf;mmNC;0;1800;1;6;84;1;3;1.5;6;2;0.1;12;1000;0;432;0;0;200;100;200;181.19354838709677;0;754;715;499;754;0;54;0;0;4891.63128495568;815.2718808259466;4718;5058;775.6146187930023;183.3349795728152;16.251266727427506;20.733151232279592;17.07863336704075;301;101;20.986856400035094;0;0;206;0;98;0;1;0;65.33333333333333;0;0;0;0;0.888888888888889;0.3559523809523809;0.2642857142857143;0.5952380952380952;0;0;0;0;0;0;0;0;0;0;0;0;87.0078125;1.223754;0;1508;2532.2957965185083;0.5955070501926564;1430;998;434.45501115766393;296.3544444444444;132.35166666666683;561.1119408479841;91.35121068827318;21.493145750505846;12.815093791412878;73.52509379141304;0;0;0;0;0;0;0;0;0;0;0;0;-10221.4571343206;-10178.452249811613;-10769.415601327188;-9586.793135129396;0;499;0;0;998;7.697916666666667;7.71875;7.5;7.875;5.727941176470588;5.78125;5.5588235294117645;5.84375;5.096813725490196;5.09375;4.852941176470588;5.34375;0;0;0;0;0;0;0;0;0.464697130050225;0.4633124339074158;0.4558434103097597;0.4749355459334996;1;1;1;1;1;1;1;1;1;1;1;1;0;0;0;0;0;0;0;0;0;2.52;100;2300.4957793864205;0;0;0;0;103;8216.992013060622;3;65.71009379141286;1752.9146320745074;0.9738414622636152;102;718.1624964035444;99;687.6293290742632;0;0;101;2911.1952885671667;3;75.3942424757751;307;6193.336529717708;0;0;0;0;0.8712187999999975;0.00010694394673123484;0.08833569999999998;826;0.002397985922330097;0.49398509999999995;206;1.4687933425797475E-06;0.0010589999999999979;721;0.0020954230000000016;0.20954230000000015;100;0.0020954230000000016;0.20954230000000015;100;1.245E-05;2.49E-05;2;9.627392373923737E-05;0.07827069999999998;813;;NaN;NaN;NaN;NaN;;NaN;NaN;NaN;NaN;PForO_-3.2815533980582523_5.926375404530744_28.23543689320389;-3.2815533980582523;5.926375404530744;28.23543689320389;NaN;;NaN;NaN;NaN;NaN;;NaN;NaN;NaN;NaN;;NaN;NaN;NaN;NaN;;NaN;NaN;NaN;NaN;1.1288888888888888_-10640.644777281394;NaN;1.1288888888888888;NaN;NaN;;NaN;NaN;NaN;NaN;;NaN;NaN;NaN;NaN;;;;;;
Weighted2;Weighted2;Weighted2;[[1, 0.05, 1]];ppFARP2tt;taBA120fft9wcwwm;saAA;isEt0.8;psNt;rpD;obPMy;rbSPdf;mmNC;0;1800;1;6;84;1;3;1.5;6;2;0.1;12;1000;0;417;0;0;200;92;200;178.16129032258064;0;761;719;492;761;0;40;0;0;5010.789690572633;835.1316150954389;4860;5255;791.7212734242308;159.97803153191114;16.375129707753704;20.216223958582866;17.079399810898334;306;103;20.90323190247599;0;0;209;0;98;0;1;0;65.33333333333333;0;0;0;0;6.888888888888889;0.356547619047619;0.2630952380952381;0.5952380952380952;0;0;0;0;0;0;0;0;0;0;0;0;99.08984375;1.2479603;0;1522;2536.2665946154475;0.6000946443213979;1438;984;445.9611544094226;319.38972581868245;138.45953823585717;612.0320418323181;95.85617185165252;26.56500000000017;16.091760458079534;88.11287156919104;0;0;0;0;0;0;0;0;0;0;0;0;-10225.565354699707;-10142.047817314631;-10941.956342730075;-9517.068321774657;0;492;0;0;984;7.8969670626871435;7.147058823529412;6.371428571428571;10.172413793103448;5.735245822466918;5.235294117647059;4.142857142857143;7.827586206896552;5.119269776876268;4.764705882352941;3.8;6.793103448275862;0;0;0;0;0;0;0;0;0.45838472560476645;0.4822374099310239;0.36961698729684167;0.5232997795864339;1;1;1;1;1;1;1;1;1;1;1;1;0;0;0;0;0;0;0;0;0;2.52;101;2361.392820935338;0;0;0;0;105;8155.132517982282;3;65.71009379141286;1752.7542231529367;0.973752346196076;105;737.5339826803107;100;700.4230591520216;0;0;101;2933.8427777777697;3;72.63789314796223;312;6140.317719950968;0;0;0;0;0.9329605999999975;0.00010206723507917173;0.08379719999999999;821;0.002412252153110049;0.5041607000000002;209;1.1791722296395194E-06;0.0008832;749;0.002346436633663367;0.23699010000000006;101;0.002346436633663367;0.23699010000000006;101;8.85E-06;1.77E-05;2;0.00013062341463414634;0.1071112;820;;NaN;NaN;NaN;NaN;;NaN;NaN;NaN;NaN;PForO_-3.580952380952381_5.840211640211638_28.863492063492068;-3.580952380952381;5.840211640211638;28.863492063492068;NaN;;NaN;NaN;NaN;NaN;;NaN;NaN;NaN;NaN;;NaN;NaN;NaN;NaN;;NaN;NaN;NaN;NaN;1.1020408163265305_-10639.855578418801;NaN;1.1020408163265305;NaN;NaN;;NaN;NaN;NaN;NaN;;NaN;NaN;NaN;NaN;;;;;;
Weighted2;Weighted2;Weighted2;[[1, 0.05, 1]];ppFARP2tt;taBA120fft9wcwwm;saAA;isEt0.8;psNt;rpD;obPMy;rbSPdf;mmNC;0;1800;1;6;84;1;3;1.5;6;2;0.1;12;1000;0;425;0;0;200;119;200;185.19354838709677;0;711;676;472;711;0;76;0;0;5181.652191946257;863.6086986577094;4881;5167;819.8847158850252;144.56904161144917;17.27217397315419;21.320984577968503;18.42960374573952;300;102;22.880473077723273;0;0;208;0;99;0;1;0;66;0;0;0;0;0.6666666666666666;0.3715773809523809;0.28214285714285714;0.5952380952380952;0;0;0;0;0;0;0;0;0;0;0;0;102.95703125;1.2168057;0;1422;2521.008480034973;0.5640599828447515;1352;944;450.44951749691757;313.67944444444447;126.48629869393694;615.4155555555557;100.14183588584534;20.618333333333453;12.490649346968894;82.68398268030171;0;0;0;0;0;0;0;0;0;0;0;0;-10192.900343458365;-10167.257758848382;-10834.922838418875;-9497.927866993052;0;472;0;0;944;7.1803327391562695;7.147058823529412;7;7.393939393939394;5.363784907902555;5.25;5.235294117647059;5.606060606060606;4.77114898989899;4.84375;4.5;4.96969696969697;0;0;0;0;0;0;0;0;0.4954717569325027;0.48264573911082354;0.48044220288563616;0.5233273288010485;1;1;1;1;1;1;1;1;1;1;1;1;0;0;0;0;0;0;0;0;0;2.52;100;2363.9749838390467;0;0;0;0;103;8134.477577584197;5;59.29240980504794;1749.7420935705406;0.9720789408725226;102;718.0564862767668;97;683.027121237889;0;0;102;2732.183318947486;5;84.7691720382294;307;6342.228872727921;0;0;0;0;0.8075047000000009;0.0001141551528878823;0.10079900000000007;883;0.002030722596153847;0.4223903000000002;208;1.1855282199710575E-06;0.0008192000000000007;691;0.0017898639999999993;0.17898639999999993;100;0.0017898639999999993;0.17898639999999993;100;7.850000000000001E-06;1.5700000000000002E-05;2;0.00013517904269081505;0.10449340000000003;773;;NaN;NaN;NaN;NaN;;NaN;NaN;NaN;NaN;PForO_-3.058252427184466_6.3012405609493_28.719255663430413;-3.058252427184466;6.3012405609493;28.719255663430413;NaN;;NaN;NaN;NaN;NaN;;NaN;NaN;NaN;NaN;;NaN;NaN;NaN;NaN;;NaN;NaN;NaN;NaN;1.110091743119266_-10622.86432294496;NaN;1.110091743119266;NaN;NaN;;NaN;NaN;NaN;NaN;;NaN;NaN;NaN;NaN;;;;;;
Weighted2;Weighted2;Weighted2;[[1, 0.05, 2]];ppFARP2tt;taBA120fft9wcwwm;saAA;isEt0.8;psNt;rpD;obPMy;rbSPdf;mmNC;0;1800;1;6;84;1;3;1.5;6;2;0.1;12;1000;0;424;0;0;200;129;200;186.2258064516129;0;714;675;462;714;0;63;0;0;5121.137631227663;853.5229385379439;4953;5199;811.0515799736946;153.147772982494;16.790615184352994;20.8609525713448;17.848209496279342;305;102;22.33045907053317;0;0;210;0;98;0;1;0;65.33333333333333;0;0;0;0;1.5555555555555554;0.3726190476190477;0.2851190476190476;0.5952380952380952;0;0;0;0;0;0;0;0;0;0;0;0;110.515625;1.4016975;0;1428;2523.8918402603035;0.5657928668816181;1350;924;452.01575200555385;286.92213562373274;117.5662049025259;674.7130735378597;96.34429027334491;23.982316013635455;15.802777777778147;89.25611111111164;0;0;0;0;0;0;0;0;0;0;0;0;-10206.378561073307;-10163.705635109893;-10930.3314780147;-9467.382491053093;0;462;0;0;924;7.306240775880244;7.333333333333333;6.617647058823529;7.967741935483871;5.2148045924137;5.393939393939394;4.411764705882353;5.838709677419355;4.729045674965978;4.878787878787879;4.147058823529412;5.161290322580645;0;0;0;0;0;0;0;0;0.49236785046023623;0.48215350726653056;0.47392222621828345;0.5210278178958947;1;1;1;1;1;1;1;1;1;1;1;1;0;0;0;0;0;0;0;0;0;2.52;101;2343.895281090846;0;0;0;0;104;8164.935158811123;5;59.29240980504794;1751.4717399836616;0.9730398555464786;104;731.9519986747821;99;696.2175176988953;0;0;101;2735.555786862763;5;83.96946602321735;311;6322.94808044736;0;0;0;0;0.9301551000000009;0.0001706612903225805;0.14813399999999988;868;0.002273129047619049;0.47735710000000026;210;1.6073593073593109E-06;0.0011139000000000025;693;0.001917849504950495;0.19370279999999998;101;0.001917849504950495;0.19370279999999998;101;1.7049999999999998E-05;3.4099999999999995E-05;2;0.00014661108144192265;0.10981170000000007;749;;NaN;NaN;NaN;NaN;;NaN;NaN;NaN;NaN;PForO_-3.3076923076923075_5.762019230769227_28.189903846153843;-3.3076923076923075;5.762019230769227;28.189903846153843;NaN;;NaN;NaN;NaN;NaN;;NaN;NaN;NaN;NaN;;NaN;NaN;NaN;NaN;;NaN;NaN;NaN;NaN;1.0346320346320346_-10597.308989197858;NaN;1.0346320346320346;NaN;NaN;;NaN;NaN;NaN;NaN;;NaN;NaN;NaN;NaN;;;;;;
Weighted2;Weighted2;Weighted2;[[1, 0.05, 2]];ppFARP2tt;taBA120fft9wcwwm;saAA;isEt0.8;psNt;rpD;obPMy;rbSPdf;mmNC;0;1800;1;6;84;1;3;1.5;6;2;0.1;12;1000;0;432;0;0;200;148;200;188.8709677419355;0;677;640;451;677;0;75;0;0;5189.428109567883;864.9046849279806;5116;5338;822.7728955928272;158.02643338695353;15.967471106362717;19.69142017909541;16.774009101182422;325;108;19.704879683960264;0;0;222;0;104;0;1;0;69.33333333333333;0;0;0;0;8.222222222222221;0.37842261904761904;0.2970238095238095;0.5952380952380952;0;0;0;0;0;0;0;0;0;0;0;0;113.1484375;1.2388094;0;1354;2506.362090751606;0.5402252152616797;1280;902;447.4546279987394;303.3185209161601;116.6644444444445;676.6964718909188;89.66467295634821;20.821111111111577;12.91287876211345;77.33657287525389;0;0;0;0;0;0;0;0;0;0;0;0;-10177.574552617047;-10153.24450430443;-10786.36365839316;-9515.096207804809;0;451;0;0;902;6.59866601988843;6.942857142857143;5.078947368421052;7.774193548387097;4.814180612822379;5.057142857142857;3.5789473684210527;5.806451612903226;4.39807583474816;4.6;3.3684210526315788;5.225806451612903;0;0;0;0;0;0;0;0;0.5199531479027342;0.4878757616147615;0.4824254689570627;0.5895582131363784;1;1;1;1;1;1;1;1;1;1;1;1;0;0;0;0;0;0;0;0;0;2.52;107;2471.813773518708;0;0;0;0;113;8015.88966079894;2;82.23666666666668;1747.9505723862746;0.9710836513257082;112;780.5656349611222;107;753.4240908575694;0;0;107;2587.277482017697;2;69.12951665708833;332;6382.063376490839;0;0;0;0;0.7613075000000005;0.00010764647058823531;0.09149950000000001;850;0.0018151184684684692;0.40295630000000016;222;1.2299248120300753E-06;0.0008179;665;0.0015507327102803738;0.1659284;107;0.0015507327102803738;0.1659284;107;8.9E-06;1.78E-05;2;0.00013083267973856215;0.10008700000000004;765;;NaN;NaN;NaN;NaN;;NaN;NaN;NaN;NaN;PForO_-2.84070796460177_6.006145526057031_27.496312684365797;-2.84070796460177;6.006145526057031;27.496312684365797;NaN;;NaN;NaN;NaN;NaN;;NaN;NaN;NaN;NaN;;NaN;NaN;NaN;NaN;;NaN;NaN;NaN;NaN;1.0372093023255815_-10560.411231043745;NaN;1.0372093023255815;NaN;NaN;;NaN;NaN;NaN;NaN;;NaN;NaN;NaN;NaN;;;;;;
Weighted2;Weighted2;Weighted2;[[1, 0.05, 2]];ppFARP2tt;taBA120fft9wcwwm;saAA;isEt0.8;psNt;rpD;obPMy;rbSPdf;mmNC;0;1800;1;6;84;1;3;1.5;6;2;0.1;12;1000;0;422;0;0;200;135;200;188.51612903225808;0;686;647;454;686;0;73;0;0;5179.941825238849;863.3236375398081;5039;5310;819.5688154774158;150.8455362846207;16.340510489712457;20.243592800279487;17.388472239687296;317;106;21.838625675716262;0;0;216;0;102;0;1;0;68;0;0;0;0;6;0.3776785714285715;0.29345238095238096;0.5952380952380952;0;0;0;0;0;0;0;0;0;0;0;0;80.25;1.3715217;0;1372;2511.8685452395603;0.5462069273490386;1294;908;434.44615975352696;295.47666666666794;115.53555555555545;569.8050937914128;98.32059617331089;20.500000000000227;12.645555555555688;80.07120490252532;0;0;0;0;0;0;0;0;0;0;0;0;-10217.29920770353;-10133.348189919227;-10920.166960791383;-9474.175998649573;0;454;0;0;908;6.806725131203311;7.117647058823529;5.27027027027027;8.03225806451613;4.91737183103407;5.147058823529412;3.5405405405405403;6.064516129032258;4.511470673709763;4.5588235294117645;3.4594594594594597;5.516129032258065;0;0;0;0;0;0;0;0;0.5129631634959734;0.48361981334235205;0.4703837262076411;0.584885950937927;1;1;1;1;1;1;1;1;1;1;1;1;0;0;0;0;0;0;0;0;0;2.52;105;2439.445137715242;0;0;0;0;109;8038.7680879237;2;82.23666666666668;1746.3688709398236;0.970204928299902;108;754.5177998674075;103;725.2348990156679;0;0;105;2628.2229509747604;2;67.41288569959467;323;6387.581356748177;0;0;0;0;0.9572477999999954;0.00012348771726535348;0.10656990000000006;863;0.0025511657407407402;0.5510517999999999;216;1.3993930197268573E-06;0.000922199999999999;659;0.0020135399999999986;0.21142169999999985;105;0.0020135399999999986;0.21142169999999985;105;1.38E-05;2.76E-05;2;0.00011871278911564621;0.08725389999999997;735;;NaN;NaN;NaN;NaN;;NaN;NaN;NaN;NaN;PForO_-3.0091743119266057_6.154179408766563_28.315749235474005;-3.0091743119266057;6.154179408766563;28.315749235474005;NaN;;NaN;NaN;NaN;NaN;;NaN;NaN;NaN;NaN;;NaN;NaN;NaN;NaN;;NaN;NaN;NaN;NaN;1.0319634703196348_-10582.691327336572;NaN;1.0319634703196348;NaN;NaN;;NaN;NaN;NaN;NaN;;NaN;NaN;NaN;NaN;;;;;;
Weighted2;Weighted2;Weighted2;[[1, 0.05, 2]];ppFARP2tt;taBA120fft9wcwwm;saAA;isEt0.8;psNt;rpD;obPMy;rbSPdf;mmNC;0;1800;1;6;84;1;3;1.5;6;2;0.1;12;1000;0;428;0;0;200;67;200;173.06451612903226;0;818;777;528;818;0;0;0;0;4821.469215361294;803.5782025602157;4694;5018;759.051666619423;176.0125444980666;16.455526332291107;20.528165590383317;16.923813143323933;293;98;20.748953381467608;0;0;202;0;94;0;1;0;62.666666666666664;0;0;0;0;3.555555555555556;0.34017857142857144;0.24107142857142858;0.5952380952380952;0;0;0;0;0;0;0;0;0;0;0;0;88.30859375;1.3203292;0;1636;2551.187257812667;0.6412700576917553;1554;1056;450.1606268270879;311.15009379141276;140;628.4699999999998;78.20424486919354;24.782222222222117;16.19222222222237;74.57925686161873;0;0;0;0;0;0;0;0;0;0;0;0;-10220.431121009016;-10203.365787147131;-10837.478121140324;-9563.454977100459;0;528;0;0;1056;8.73986928104575;8.8;7.852941176470588;9.566666666666666;6.682352941176471;6.666666666666667;6.147058823529412;7.233333333333333;5.632679738562092;5.6;5.264705882352941;6.033333333333333;0;0;0;0;0;0;0;0;0.41804201942284885;0.4287443923381041;0.3879705186972631;0.4374111472331793;1;1;1;1;1;1;1;1;1;1;1;1;0;0;0;0;0;0;0;0;0;2.52;96;2213.22528137424;0;0;0;0;101;8327.903881695956;5;60.03333333333334;1756.8548605116991;0.9760304780620551;101;710.7008297368784;95;668.8258297368737;0;0;97;3172.75730882072;5;85.21044737828775;300;5966.188080730768;0;0;0;0;0.8982665999999966;0.00011343254901960779;0.08677589999999996;765;0.0025779549504950467;0.5207468999999995;202;1.2509410288582148E-06;0.0009969999999999972;797;0.0020127895833333327;0.19322779999999992;96;0.0020127895833333327;0.19322779999999992;96;1.17E-05;2.34E-05;2;0.0001147380499405469;0.09649469999999993;841;;NaN;NaN;NaN;NaN;;NaN;NaN;NaN;NaN;PForO_-3.6930693069306932_5.8737623762376225_28.52227722772277;-3.6930693069306932;5.8737623762376225;28.52227722772277;NaN;;NaN;NaN;NaN;NaN;;NaN;NaN;NaN;NaN;;NaN;NaN;NaN;NaN;;NaN;NaN;NaN;NaN;1.205761316872428_-10696.429484521059;NaN;1.205761316872428;NaN;NaN;;NaN;NaN;NaN;NaN;;NaN;NaN;NaN;NaN;;;;;;
Weighted2;Weighted2;Weighted2;[[1, 1, 0.05]];ppFARP2tt;taBA120fft9wcwwm;saAA;isEt0.8;psNt;rpD;obPMy;rbSPdf;mmNC;0;1800;1;6;84;1;3;1.5;6;2;0.1;12;1000;0;425;0;0;200;83;200;178.70967741935485;0;786;744;509;786;0;35;0;0;4997.266372034793;832.8777286724654;4881;5131;782.3162253297023;148.27666546784621;16.384479908310794;20.01196350127608;17.09504549207255;305;102;20.7038217623026;0;0;210;0;99;0;1;0;66;0;0;0;0;0.6666666666666666;0.3482142857142857;0.24761904761904763;0.5952380952380952;0;0;0;0;0;0;0;0;0;0;0;0;91.95703125;1.7472488;0;1572;2537.165703953432;0.619589015234794;1488;1018;449.5705532729007;317.9506493469685;120.16046895706432;645.283888888889;78.70720916562972;24.37555555555548;14.571666666666715;73.15296536060352;0;0;0;0;0;0;0;0;0;0;0;0;-10216.246881062034;-10152.95073873991;-10889.01857894464;-9569.315814129543;0;509;0;0;1018;7.9433860665478315;7.823529411764706;7.787878787878788;8.21875;5.940953654188949;5.970588235294118;5.7272727272727275;6.125;5.143085264408794;5.147058823529412;4.96969696969697;5.3125;0;0;0;0;0;0;0;0;0.44343654932668186;0.440090067756534;0.43381340738400853;0.45640617283950297;1;1;1;1;1;1;1;1;1;1;1;1;0;0;0;0;0;0;0;0;0;2.52;101;2401.2335253824235;0;0;0;0;104;8120.83154295151;5;60.03333333333334;1753.677511388989;0.9742652841049938;104;732.1401803899063;98;690.0240622306479;0;0;102;3038.934270668378;5;85.96139277489715;311;6037.558495603437;0;0;0;0;1.2043323999999975;0.00016313687500000006;0.13050950000000006;800;0.003092193809523811;0.6493607000000002;210;1.667866323907451E-06;0.0012975999999999968;778;0.0026076811881188123;0.26337580000000005;101;0.0026076811881188123;0.26337580000000005;101;9.25E-06;1.85E-05;2;0.00019178523409363711;0.1597570999999997;833;;NaN;NaN;NaN;NaN;;NaN;NaN;NaN;NaN;PForO_-3.4903846153846154_5.683493589743589_27.665865384615376;-3.4903846153846154;5.683493589743589;27.665865384615376;NaN;;NaN;NaN;NaN;NaN;;NaN;NaN;NaN;NaN;;NaN;NaN;NaN;NaN;;NaN;NaN;NaN;NaN;1.152542372881356_-10694.831133070715;NaN;1.152542372881356;NaN;NaN;;NaN;NaN;NaN;NaN;;NaN;NaN;NaN;NaN;;;;;;
Weighted2;Weighted2;Weighted2;[[1, 1, 0.05]];ppFARP2tt;taBA120fft9wcwwm;saAA;isEt0.8;psNt;rpD;obPMy;rbSPdf;mmNC;0;1800;1;6;84;1;3;1.5;6;2;0.1;12;1000;0;433;0;0;200;107;200;182.29032258064515;0;749;708;493;749;0;46;0;0;4952.478306174989;825.4130510291648;4834;5114;782.2317087198475;173.71700457441048;16.78806205483047;21.259249541381553;17.72602232969863;295;99;21.163477342036604;0;0;203;0;95;0;1;0;63.333333333333336;0;0;0;0;2.8888888888888893;0.35818452380952376;0.26785714285714285;0.5952380952380952;0;0;0;0;0;0;0;0;0;0;0;0;92.50390625;1.4221353;0;1498;2536.44332624735;0.5905907632544192;1416;986;453.8382386415764;316.19009379141403;128.0275035964609;667.8711111111122;84.30409954275805;24.625;16.027316013635016;79.07500000000073;0;0;0;0;0;0;0;0;0;0;0;0;-10203.335446289273;-10175.211536812;-10755.561147450819;-9621.279442063018;0;493;0;0;986;7.906051022559562;8.161290322580646;7.323529411764706;8.233333333333333;5.954353784524563;6.166666666666667;5.470588235294118;6.225806451612903;5.20236137465739;5.258064516129032;4.882352941176471;5.466666666666667;0;0;0;0;0;0;0;0;0.4680277831058679;0.469143233852956;0.45958128904038476;0.47535882642426286;1;1;1;1;1;1;1;1;1;1;1;1;0;0;0;0;0;0;0;0;0;2.52;96;2247.0482251560875;0;0;0;0;102;8274.890425516089;5;61.51759738787365;1753.656441778696;0.9742535787659422;102;717.9943434601137;96;675.8392568616207;0;0;98;2896.2891630702006;5;79.64786437627352;302;6216.205620291841;0;0;0;0;1.171219499999996;0.00010791130221130218;0.08783979999999998;814;0.003213927586206898;0.6524273000000003;203;1.2980446927374244E-06;0.0009293999999999959;716;0.003472075000000001;0.3333192000000001;96;0.003472075000000001;0.3333192000000001;96;9.55E-06;1.91E-05;2;0.00012363657289002564;0.09668380000000004;782;;NaN;NaN;NaN;NaN;;NaN;NaN;NaN;NaN;PForO_-3.480392156862745_6.0163398692810475_28.75490196078431;-3.480392156862745;6.0163398692810475;28.75490196078431;NaN;;NaN;NaN;NaN;NaN;;NaN;NaN;NaN;NaN;;NaN;NaN;NaN;NaN;;NaN;NaN;NaN;NaN;1.145922746781116_-10643.616756128004;NaN;1.145922746781116;NaN;NaN;;NaN;NaN;NaN;NaN;;NaN;NaN;NaN;NaN;;;;;;
Weighted2;Weighted2;Weighted2;[[1, 1, 0.05]];ppFARP2tt;taBA120fft9wcwwm;saAA;isEt0.8;psNt;rpD;obPMy;rbSPdf;mmNC;0;1800;1;6;84;1;3;1.5;6;2;0.1;12;1000;0;424;0;0;200;70;200;174.70967741935485;0;817;776;521;817;0;18;0;0;4883.240493036184;813.8734155060306;4751;5079;770.5914898732188;165.84206710202136;17.014775237059872;21.055945946202744;17.588864404000205;287;97;21.65425856715688;0;0;199;0;93;0;1;0;62;0;0;0;0;2;0.3444940476190476;0.25416666666666665;0.5952380952380952;0;0;0;0;0;0;0;0;0;0;0;0;75.19921875;1.259199;0;1634;2552.436606212995;0.6401726084097881;1552;1042;473.47299167923615;342.10704183232167;129.22972581868308;650.4170562181622;95.30357788027172;29.506204902524814;16.544999999999845;84.01453823585916;0;0;0;0;0;0;0;0;0;0;0;0;-10242.100469704903;-10208.043645672435;-10880.129987430522;-9556.932737369256;0;521;0;0;1042;8.818181818181818;8.833333333333334;7.787878787878788;9.833333333333334;6.6000000000000005;6.666666666666667;5.666666666666667;7.466666666666667;5.624242424242425;5.6;4.9393939393939394;6.333333333333333;0;0;0;0;0;0;0;0;0.42151198754225216;0.43643378630612234;0.37379962295249114;0.4543025533681431;1;1;1;1;1;1;1;1;1;1;1;1;0;0;0;0;0;0;0;0;0;2.52;95;2186.207121237875;0;0;0;0;99;8344.70296507719;5;61.51759738787365;1755.1516810525109;0.975084267251395;99;690.4773810333561;93;654.550245409625;0;0;96;3176.374184648984;5;79.11818890804678;293;5994.4276837029265;0;0;0;0;0.923076699999995;0.00012019391634980998;0.09483300000000007;789;0.0024151135678391954;0.48060759999999986;199;1.3111111111111028E-06;0.0010265999999999934;783;0.0025288873684210533;0.24024430000000008;95;0.0025288873684210533;0.24024430000000008;95;8.3E-06;1.66E-05;2;0.00013178178438661702;0.10634789999999994;807;;NaN;NaN;NaN;NaN;;NaN;NaN;NaN;NaN;PForO_-3.9393939393939394_5.982884399551067_29.766835016835024;-3.9393939393939394;5.982884399551067;29.766835016835024;NaN;;NaN;NaN;NaN;NaN;;NaN;NaN;NaN;NaN;;NaN;NaN;NaN;NaN;;NaN;NaN;NaN;NaN;1.2169117647058822_-10741.888040239512;NaN;1.2169117647058822;NaN;NaN;;NaN;NaN;NaN;NaN;;NaN;NaN;NaN;NaN;;;;;;
Weighted2;Weighted2;Weighted2;[[1, 1, 0.05]];ppFARP2tt;taBA120fft9wcwwm;saAA;isEt0.8;psNt;rpD;obPMy;rbSPdf;mmNC;0;1800;1;6;84;1;3;1.5;6;2;0.1;12;1000;0;430;0;0;200;86;200;177.1290322580645;0;785;745;511;785;0;32;0;0;4923.243692283431;820.5406153805719;4774;5058;782.3658356837301;155.85786797272905;15.881431265430423;19.576744635257434;16.560140739011068;310;104;19.79854624503208;0;0;210;0;101;0;1;0;67.33333333333333;0;0;0;0;0.888888888888889;0.34851190476190474;0.2523809523809524;0.5952380952380952;0;0;0;0;0;0;0;0;0;0;0;0;77.22265625;1.2222466;0;1570;2534.0447534904433;0.6195628541435391;1490;1022;457.6978262702982;330.36074313838094;149.6689826803015;608.2691702631274;84.72751056707263;24.646760458080053;16.567777777778247;74.6580591520169;0;0;0;0;0;0;0;0;0;0;0;0;-10214.70800658939;-10148.834174445863;-10810.0538820857;-9598.174526896144;0;511;0;0;1022;7.7844155844155845;7.909090909090909;7.171428571428572;8.272727272727273;5.939105339105339;5.787878787878788;5.514285714285714;6.515151515151516;5.066955266955268;4.96969696969697;4.685714285714286;5.545454545454546;0;0;0;0;0;0;0;0;0.4438717078189291;0.44561229357267124;0.4194006653942246;0.46660216448989156;1;1;1;1;1;1;1;1;1;1;1;1;0;0;0;0;0;0;0;0;0;2.52;101;2354.5195238500155;0;0;0;0;107;8163.090295760069;2;82.11879509747604;1752.9349699350144;0.973852761075008;106;746.2348990156681;101;711.0007431383885;0;0;104;3030.7884055459754;2;66.93591633535917;316;6047.28865067217;0;0;0;0;0.7964963000000017;0.00010785460122699385;0.0879015;815;0.0020793228571428556;0.4366577999999997;210;1.2449673202614384E-06;0.0009524000000000004;765;0.0017711950495049498;0.17889069999999993;101;0.0017711950495049498;0.17889069999999993;101;8.25E-06;1.65E-05;2;0.00011120374396135273;0.09207670000000005;828;;NaN;NaN;NaN;NaN;;NaN;NaN;NaN;NaN;PForO_-3.5046728971962615_5.6941848390446514_26.979750778816204;-3.5046728971962615;5.6941848390446514;26.979750778816204;NaN;;NaN;NaN;NaN;NaN;;NaN;NaN;NaN;NaN;;NaN;NaN;NaN;NaN;;NaN;NaN;NaN;NaN;1.1918367346938776_-10677.67020600224;NaN;1.1918367346938776;NaN;NaN;;NaN;NaN;NaN;NaN;;NaN;NaN;NaN;NaN;;;;;;
Weighted2;Weighted2;Weighted2;[[1, 1, 1]];ppFARP2tt;taBA120fft9wcwwm;saAA;isEt0.8;psNt;rpD;obPMy;rbSPdf;mmNC;0;1800;1;6;84;1;3;1.5;6;2;0.1;12;1000;0;422;0;0;200;80;200;179.4516129032258;0;801;759;509;801;0;35;0;0;4856.900783769638;809.4834639616064;4716;5058;769.7773268030115;164.2286989084203;16.243815330333238;20.25681222157016;16.961253046150354;299;101;20.652536682203323;0;0;204;0;96;0;1;0;64;0;0;0;0;2;0.3489583333333333;0.2625;0.5952380952380952;0;0;0;0;0;0;0;0;0;0;0;0;80.8046875;1.3533072;0;1602;2545.05399467196;0.6294561936028735;1518;1018;495.6718107230985;362.3548124171757;135.8561111111121;742.3143506530342;91.04996409415861;24.49490620858728;16.230000000000018;79.33944444444444;0;0;0;0;0;0;0;0;0;0;0;0;-10234.192171886707;-10157.110226939121;-10850.495307777901;-9598.229853605602;0;509;0;0;1018;8.373737373737375;8;7.787878787878788;9.333333333333334;6.303030303030304;5.818181818181818;5.757575757575758;7.333333333333333;5.327272727272727;5.03030303030303;4.818181818181818;6.133333333333334;0;0;0;0;0;0;0;0;0.43117097566611556;0.4373711840914747;0.4027262666939037;0.4534154762129684;1;1;1;1;1;1;1;1;1;1;1;1;0;0;0;0;0;0;0;0;0;2.52;99;2305.7712843080794;0;0;0;0;103;8208.747229415138;2;82.11879509747604;1752.4197522872028;0.973566529048446;102;717.8593434601116;96;675.908888888893;0;0;100;3106.194920594444;2;65.80452385001583;306;6033.389632027229;0;0;0;0;0.9755300999999962;0.00010911153846153832;0.08794389999999988;806;0.002767848039215685;0.5646409999999997;204;1.2234993614303958E-06;0.000958;783;0.0023834676767676773;0.23596330000000004;99;0.0023834676767676773;0.23596330000000004;99;1.1750000000000001E-05;2.3500000000000002E-05;2;0.00010564999999999998;0.08599909999999998;814;;NaN;NaN;NaN;NaN;;NaN;NaN;NaN;NaN;PForO_-3.607843137254902_5.7137799564270155_28.141339869281037;-3.607843137254902;5.7137799564270155;28.141339869281037;NaN;;NaN;NaN;NaN;NaN;;NaN;NaN;NaN;NaN;;NaN;NaN;NaN;NaN;;NaN;NaN;NaN;NaN;1.1984126984126984_-10751.168496868122;NaN;1.1984126984126984;NaN;NaN;;NaN;NaN;NaN;NaN;;NaN;NaN;NaN;NaN;;;;;;
Weighted2;Weighted2;Weighted2;[[1, 1, 1]];ppFARP2tt;taBA120fft9wcwwm;saAA;isEt0.8;psNt;rpD;obPMy;rbSPdf;mmNC;0;1800;1;6;84;1;3;1.5;6;2;0.1;12;1000;0;429;0;0;200;71;200;173;0;798;758;524;798;0;26;0;0;4887.5979004825695;814.5996500804282;4718;5005;770.3524458641264;187.49236051170098;17.1494663174827;21.5122077411501;17.565000151430077;285;96;21.771336880481968;0;0;196;0;93;0;1;0;62;0;0;0;0;0.6666666666666666;0.3416666666666667;0.24345238095238095;0.5952380952380952;0;0;0;0;0;0;0;0;0;0;0;0;80.5859375;1.3583145;0;1596;2548.617654038671;0.6262218255731283;1516;1048;446.0445479826654;311.6166666666666;119.52676045807965;658.7070346393998;84.25918871004401;27.739906208586945;16.783051959094337;84.38453823585746;0;0;0;0;0;0;0;0;0;0;0;0;-10232.427221568447;-10177.678310890653;-10787.064032016771;-9558.080161078597;0;524;0;0;1048;8.582862903225807;8.3;8.09375;9.35483870967742;6.451702508960573;6.133333333333334;6.125;7.096774193548387;5.637522401433692;5.633333333333334;5.34375;5.935483870967742;0;0;0;0;0;0;0;0;0.4343331542649571;0.44880893447556347;0.3828725268681225;0.4713180014511853;1;1;1;1;1;1;1;1;1;1;1;1;0;0;0;0;0;0;0;0;0;2.52;93;2176.47841993183;0;0;0;0;99;8369.156608839843;4;57.00379509747602;1757.605838128612;0.9764476878492289;98;683.7113637136531;93;654.6787735187102;0;0;96;3094.1830663449377;4;74.54676765099804;291;6098.03885264085;0;0;0;0;0.9743592999999976;0.0001695654685494223;0.13209149999999997;779;0.0026422142857142864;0.5178740000000002;196;1.1673101673101667E-06;0.0009069999999999996;777;0.0022444440860215054;0.2087333;93;0.0022444440860215054;0.2087333;93;2.345E-05;4.69E-05;2;0.00013526332547169798;0.11470329999999988;848;;NaN;NaN;NaN;NaN;;NaN;NaN;NaN;NaN;PForO_-3.909090909090909_6.1865881032547705_29.89309764309763;-3.909090909090909;6.1865881032547705;29.89309764309763;NaN;;NaN;NaN;NaN;NaN;;NaN;NaN;NaN;NaN;;NaN;NaN;NaN;NaN;;NaN;NaN;NaN;NaN;1.1574803149606299_-10703.548886760085;NaN;1.1574803149606299;NaN;NaN;;NaN;NaN;NaN;NaN;;NaN;NaN;NaN;NaN;;;;;;
Weighted2;Weighted2;Weighted2;[[1, 1, 1]];ppFARP2tt;taBA120fft9wcwwm;saAA;isEt0.8;psNt;rpD;obPMy;rbSPdf;mmNC;0;1800;1;6;84;1;3;1.5;6;2;0.1;12;1000;0;423;0;0;200;72;200;171.41935483870967;0;806;763;518;806;0;21;0;0;4920.733443644909;820.1222406074849;4804;5049;775.5341425485443;166.683196242675;16.794312094351227;20.69911600090309;17.285808228015547;293;98;21.42655740979156;0;0;203;0;95;0;1;0;63.333333333333336;0;0;0;0;0.8888888888888888;0.33883928571428573;0.23095238095238096;0.5952380952380952;0;0;0;0;0;0;0;0;0;0;0;0;80.2109375;1.2631574;0;1612;2547.299947196827;0.6328269278904212;1526;1036;440.0172259608266;302.4420418323192;129.813888888889;602.6885209161593;87.2662588368988;27.4283333333334;16.948701306062617;79.99203463939602;0;0;0;0;0;0;0;0;0;0;0;0;-10235.837211470991;-10185.62876347779;-10809.273271123657;-9587.752157708652;0;518;0;0;1036;8.504398826979473;8.870967741935484;7.545454545454546;9.096774193548388;6.377321603128055;6.806451612903226;5.454545454545454;6.870967741935484;5.4662756598240465;5.741935483870968;4.818181818181818;5.838709677419355;0;0;0;0;0;0;0;0;0.42845301289607973;0.415659876543212;0.39939229993488284;0.47030686221014434;1;1;1;1;1;1;1;1;1;1;1;1;0;0;0;0;0;0;0;0;0;2.52;96;2252.10434346011;0;0;0;0;103;8283.109566724124;4;57.00379509747602;1755.8689850307055;0.975482769461503;100;700.087943781836;96;675.9153751656547;0;0;99;3118.7419408479846;4;76.32480522424933;300;6023.667640261985;0;0;0;0;0.8116432999999995;0.00010829764851485157;0.08750450000000007;808;0.002315039901477832;0.4699530999999999;203;1.2135897435897402E-06;0.0009465999999999974;780;0.0017769406250000002;0.17058630000000002;96;0.0017769406250000002;0.17058630000000002;96;9.25E-06;1.85E-05;2;0.0001013906748466258;0.08263340000000002;815;;NaN;NaN;NaN;NaN;;NaN;NaN;NaN;NaN;PForO_-3.892156862745098_5.955065359477126_28.982843137254907;-3.892156862745098;5.955065359477126;28.982843137254907;NaN;;NaN;NaN;NaN;NaN;;NaN;NaN;NaN;NaN;;NaN;NaN;NaN;NaN;;NaN;NaN;NaN;NaN;1.1796875_-10684.933656536718;NaN;1.1796875;NaN;NaN;;NaN;NaN;NaN;NaN;;NaN;NaN;NaN;NaN;;;;;;
Weighted2;Weighted2;Weighted2;[[1, 1, 1]];ppFARP2tt;taBA120fft9wcwwm;saAA;isEt0.8;psNt;rpD;obPMy;rbSPdf;mmNC;0;1800;1;6;84;1;3;1.5;6;2;0.1;12;1000;0;415;0;0;200;81;200;175.6451612903226;0;760;722;501;760;0;71;0;0;4996.753556780559;832.7922594634265;4861;5181;788.0694987442686;149.78570947693657;16.545541578743574;20.494990610580892;17.5191155878603;302;102;21.706700779306438;0;0;209;0;98;0;1;0;65.33333333333333;0;0;0;0;4.222222222222222;0.35684523809523805;0.26607142857142857;0.5952380952380952;0;0;0;0;0;0;0;0;0;0;0;0;80.796875;1.3297768;0;1520;2534.7863316803464;0.599656066076532;1444;1002;445.2926204613857;284.4728571833474;123.23787156919059;659.2962120954459;88.91018294260117;26.107222222222163;15.672683986362244;73.35407647171463;0;0;0;0;0;0;0;0;0;0;0;0;-10222.280280390254;-10211.9504898843;-10795.667765347373;-9559.778324297316;0;501;0;0;1002;7.821645021645021;7.303030303030303;6.828571428571428;9.333333333333334;5.910245310245311;5.454545454545454;5.142857142857143;7.133333333333334;5.147619047619048;5;4.542857142857143;5.9;0;0;0;0;0;0;0;0;0.46069880241782046;0.4855781583776961;0.4056596120154417;0.49085863686032366;1;1;1;1;1;1;1;1;1;1;1;1;0;0;0;0;0;0;0;0;0;2.52;100;2383.684711664549;0;0;0;0;105;8118.4499493661115;4;72.8434271247462;1750.3557768384437;0.9724198760213576;102;718.1430447661695;99;696.2759163353621;0;0;102;2937.3272802807314;4;79.50252494351722;309;6146.249321829628;0;0;0;0;0.8779153999999995;0.00013381772455089822;0.11173780000000003;835;0.0023977746411483246;0.5011348999999998;209;1.2663028649386087E-06;0.0009282000000000002;733;0.001810281999999999;0.1810281999999999;100;0.001810281999999999;0.1810281999999999;100;9.3E-06;1.86E-05;2;0.0001044852830188679;0.08306579999999998;795;;NaN;NaN;NaN;NaN;;NaN;NaN;NaN;NaN;PForO_-3.6153846153846154_6.215811965811962_28.77243589743589;-3.6153846153846154;6.215811965811962;28.77243589743589;NaN;;NaN;NaN;NaN;NaN;;NaN;NaN;NaN;NaN;;NaN;NaN;NaN;NaN;;NaN;NaN;NaN;NaN;1.1666666666666667_-10681.682872928539;NaN;1.1666666666666667;NaN;NaN;;NaN;NaN;NaN;NaN;;NaN;NaN;NaN;NaN;;;;;;
Weighted2;Weighted2;Weighted2;[[1, 1, 2]];ppFARP2tt;taBA120fft9wcwwm;saAA;isEt0.8;psNt;rpD;obPMy;rbSPdf;mmNC;0;1800;1;6;84;1;3;1.5;6;2;0.1;12;1000;0;418;0;0;200;91;200;178.3548387096774;0;770;729;494;770;0;64;0;0;4898.344683894034;816.3907806490056;4775;4976;775.7899049625245;154.8164045207915;16.38242369195329;20.63018249835299;17.523498795594634;299;100;21.49874343460108;0;0;206;0;97;0;1;0;64.66666666666667;0;0;0;0;4.222222222222222;0.35505952380952377;0.26726190476190476;0.5952380952380952;0;0;0;0;0;0;0;0;0;0;0;0;84.91796875;1.181361;0;1540;2538.2339194931683;0.6067210701791841;1458;988;459.7903411622842;302.9062986939368;124.0401875828258;664.1754617641426;93.43998492701806;25.09777777777788;16.2195382358575;77.83508659849178;0;0;0;0;0;0;0;0;0;0;0;0;-10229.934611616703;-10180.495641120955;-10886.204461375803;-9543.444385999675;0;494;0;0;988;7.999206349206349;8.25;6.714285714285714;9.033333333333333;5.952083333333333;6.15625;5;6.7;5.130456349206349;5.34375;4.314285714285714;5.733333333333333;0;0;0;0;0;0;0;0;0.45436592913328105;0.43940549545708957;0.4235551387048366;0.500137153237917;1;1;1;1;1;1;1;1;1;1;1;1;0;0;0;0;0;0;0;0;0;2.52;99;2354.073614707582;0;0;0;0;103;8152.379531042923;4;72.8434271247462;1751.075524291751;0.9728197357176395;101;711.0692568616226;97;682.7545382358633;0;0;100;2981.538304561648;4;75.57914149144004;305;6130.875331724677;0;0;0;0;0.7582857000000032;0.00012387897862232771;0.10430609999999994;842;0.001962497572815532;0.4042744999999996;206;1.2399734395750332E-06;0.0009337;753;0.0016929353535353518;0.16760059999999982;99;0.0016929353535353518;0.16760059999999982;99;8.95E-06;1.79E-05;2;0.00010006436498150427;0.08115219999999997;811;;NaN;NaN;NaN;NaN;;NaN;NaN;NaN;NaN;PForO_-3.5145631067961167_5.579557713052858_27.544498381877005;-3.5145631067961167;5.579557713052858;27.544498381877005;NaN;;NaN;NaN;NaN;NaN;;NaN;NaN;NaN;NaN;;NaN;NaN;NaN;NaN;;NaN;NaN;NaN;NaN;1.1757322175732217_-10694.214433928611;NaN;1.1757322175732217;NaN;NaN;;NaN;NaN;NaN;NaN;;NaN;NaN;NaN;NaN;;;;;;
Weighted2;Weighted2;Weighted2;[[1, 1, 2]];ppFARP2tt;taBA120fft9wcwwm;saAA;isEt0.8;psNt;rpD;obPMy;rbSPdf;mmNC;0;1800;1;6;84;1;3;1.5;6;2;0.1;12;1000;0;434;0;0;200;48;200;168.48387096774192;0;855;814;553;855;0;61;0;0;4678.222005898292;779.7036676497154;4551;4863;739.3015885071426;169.8238864912463;16.7678208096713;21.279978019032683;17.627851427823085;279;93;21.64893691064411;0;0;193;0;90;0;1;0;60;0;0;0;0;0.6666666666666666;0.32961309523809523;0.22380952380952382;0.5952380952380952;0;0;0;0;0;0;0;0;0;0;0;1;89.55859375;2.148416;0;1710;2562.6593371302815;0.6672755817458332;1628;1106;464.26226878035527;274.45009379141294;131.79981961009776;706.8905555555558;87.95723782483225;31.940266988387748;20.5;84.061392485351;0;0;0;0;0;0;0;0;0;0;0;0;-10204.05322456595;-10181.299386208322;-10737.611240249169;-9621.898017837557;0;553;0;0;1106;9.512495365220616;9.8;8.806451612903226;9.931034482758621;7.328018786305772;7.333333333333333;7.064516129032258;7.586206896551724;6.147027561488073;6.103448275862069;5.870967741935484;6.466666666666667;0;0;0;0;0;0;0;0;0.39366324491199206;0.38652471133837807;0.3741714446231817;0.4202935787744165;1;1;1;1;1;1;1;1;1;1;1;1;0;0;0;0;0;0;0;0;0;2.52;92;2147.678867310113;0;0;0;0;96;8382.525656539863;5;58.39564934696841;1755.0340873083294;0.9750189373935163;96;670.5164575050622;90;633.6573160136363;0;0;93;3330.0413418515072;5;78.11442286566164;285;5878.790634961078;0;0;0;0;1.6598566999999966;0.00019211850443599506;0.1515815000000001;789;0.004728597927461143;0.9126194000000005;193;2.6862110311750577E-06;0.002240299999999998;834;0.004441824999999999;0.40864789999999995;92;0.004441824999999999;0.40864789999999995;92;1.54E-05;3.08E-05;2;0.00021257836593785952;0.1847305999999999;869;;NaN;NaN;NaN;NaN;;NaN;NaN;NaN;NaN;PForO_-4.364583333333333_5.842881944444446_29.341145833333325;-4.364583333333333;5.842881944444446;29.341145833333325;NaN;;NaN;NaN;NaN;NaN;;NaN;NaN;NaN;NaN;;NaN;NaN;NaN;NaN;;NaN;NaN;NaN;NaN;1.2178571428571427_-10768.978072225258;NaN;1.2178571428571427;NaN;NaN;;NaN;NaN;NaN;NaN;;NaN;NaN;NaN;NaN;;;;;;
Weighted2;Weighted2;Weighted2;[[1, 1, 2]];ppFARP2tt;taBA120fft9wcwwm;saAA;isEt0.8;psNt;rpD;obPMy;rbSPdf;mmNC;0;1800;1;6;84;1;3;1.5;6;2;0.1;12;1000;0;425;0;0;200;73;200;173.8709677419355;0;812;770;519;812;0;44;0;0;4841.641939454856;806.940323242476;4726;5022;763.5968241845036;166.85771285252898;16.58096554607827;20.73003422194204;17.30145108113665;292;97;21.30784747322189;0;0;202;0;94;0;1;0;62.666666666666664;0;0;0;0;0.8888888888888888;0.34151785714285715;0.24404761904761904;0.5952380952380952;0;0;0;0;0;0;0;0;0;0;0;0;88.890625;2.4160437;0;1624;2549.6930299249952;0.6369394201339498;1540;1038;452.97553325223026;280.16074313838124;127.31222222222186;633.9215800681752;88.26285487624116;27.73842712474618;16.198520916158998;77.89287156919039;0;0;0;0;0;0;0;0;0;0;0;0;-10236.223408254276;-10209.323497147168;-10892.405233429621;-9568.50956003718;0;519;0;0;1038;8.647916666666667;9.09375;7.75;9.1;6.467361111111111;6.875;5.59375;6.933333333333334;5.5249999999999995;5.7;5.03125;5.84375;0;0;0;0;0;0;0;0;0.42325463895378895;0.41813112472923003;0.38135822097106215;0.4702745711610746;1;1;1;1;1;1;1;1;1;1;1;1;0;0;0;0;0;0;0;0;0;2.52;96;2255.263073537868;0;0;0;0;101;8281.147453245998;5;58.39564934696841;1756.0684211306443;0.9755935672948024;99;696.885836929796;96;671.6454689570643;0;0;97;3146.709264054545;5;81.51249640353448;298;6000.573109785893;0;0;0;0;1.5820065999999968;0.00023449874529485594;0.1868955000000002;797;0.004162854455445545;0.8408966;202;3.5338521400778213E-06;0.0027246;771;0.003241475000000001;0.3111816000000001;96;0.003241475000000001;0.3111816000000001;96;1.7E-05;3.4E-05;2;0.0003014611041405273;0.24026450000000027;797;;NaN;NaN;NaN;NaN;;NaN;NaN;NaN;NaN;PForO_-3.7524752475247523_5.82205720572057_29.080033003300326;-3.7524752475247523;5.82205720572057;29.080033003300326;NaN;;NaN;NaN;NaN;NaN;;NaN;NaN;NaN;NaN;;NaN;NaN;NaN;NaN;;NaN;NaN;NaN;NaN;1.1341463414634145_-10683.609430219942;NaN;1.1341463414634145;NaN;NaN;;NaN;NaN;NaN;NaN;;NaN;NaN;NaN;NaN;;;;;;
Weighted2;Weighted2;Weighted2;[[1, 1, 2]];ppFARP2tt;taBA120fft9wcwwm;saAA;isEt0.8;psNt;rpD;obPMy;rbSPdf;mmNC;0;1800;1;6;84;1;3;1.5;6;2;0.1;12;1000;0;428;0;0;200;89;200;178.29032258064515;0;780;741;506;780;0;61;0;0;4832.711103918166;805.4518506530277;4732;4987;761.9524939114202;160.91584776641568;16.72218375058189;21.395382770156687;18.054569321718994;289;96;21.794145964657687;0;0;201;0;93;0;1;0;62;0;0;0;0;8;0.3544642857142857;0.26607142857142857;0.5952380952380952;0;0;0;0;0;0;0;0;0;0;0;0;90.0390625;1.6499964;0;1560;2546.0893616625067;0.6127043392465121;1482;1012;470.4262057724564;328.2835209161583;161.29120490252404;663.6704689570641;81.84945013313767;25.51055555555547;16.213888888888846;83.11638529242714;0;0;0;0;0;0;0;0;0;0;0;0;-10208.737725433792;-10160.768830480538;-10826.97479806682;-9560.55735916145;0;506;0;0;1012;8.433497536945813;8;7.714285714285714;9.586206896551724;6.286042692939245;5.862068965517241;5.685714285714286;7.310344827586207;5.483087027914614;5.310344827586207;4.828571428571428;6.310344827586207;0;0;0;0;0;0;0;0;0.4462450216102581;0.42624679322584524;0.4083002004332177;0.5041880711717114;1;1;1;1;1;1;1;1;1;1;1;1;0;0;0;0;0;0;0;0;0;2.52;95;2332.562270669902;0;0;0;0;101;8172.806111111087;5;58.81666666666667;1750.8947302968318;0.972719294609351;98;688.7827633919314;95;668.7585281090851;0;0;96;3021.69562057528;5;82.52975487378717;295;6104.938381497573;0;0;0;0;1.2055367999999973;0.00015550861244019145;0.13000520000000004;836;0.003258433333333335;0.6549451000000004;201;2.1868632707774743E-06;0.001631399999999996;746;0.0030921368421052637;0.29375300000000004;95;0.0030921368421052637;0.29375300000000004;95;1.3350000000000001E-05;2.6700000000000002E-05;2;0.00015339656862745093;0.12517159999999997;816;;NaN;NaN;NaN;NaN;;NaN;NaN;NaN;NaN;PForO_-3.6930693069306932_5.874037403740377_29.02805280528052;-3.6930693069306932;5.874037403740377;29.02805280528052;NaN;;NaN;NaN;NaN;NaN;;NaN;NaN;NaN;NaN;;NaN;NaN;NaN;NaN;;NaN;NaN;NaN;NaN;1.1510204081632653_-10697.036357730867;NaN;1.1510204081632653;NaN;NaN;;NaN;NaN;NaN;NaN;;NaN;NaN;NaN;NaN;;;;;;
Weighted2;Weighted2;Weighted2;[[1, 3, 0.05]];ppFARP2tt;taBA120fft9wcwwm;saAA;isEt0.8;psNt;rpD;obPMy;rbSPdf;mmNC;0;1800;1;6;84;1;3;1.5;6;2;0.1;12;1000;0;415;0;0;200;92;200;181.06451612903226;0;760;719;489;760;0;56;0;0;4915.270409843779;819.2117349739632;4748;5080;780.8153991892918;168.32231121835528;16.43903147104943;20.832096694959418;17.454391453119513;299;102;20.886005219295484;0;0;206;0;98;0;1;0;65.33333333333333;0;0;0;0;4.222222222222222;0.3589285714285714;0.2720238095238095;0.5952380952380952;0;0;0;0;0;0;0;0;0;0;0;0;90.88671875;1.6363877;0;1520;2535.100497032941;0.5995817529833608;1438;978;473.8649927120864;345.93212843080914;155.82999280707804;676.3966666666707;92.63639382427029;24.568614707571896;16.129076471715734;81.80333333333397;0;0;0;0;0;0;0;0;0;0;0;0;-10193.189400963227;-10126.861369685099;-10795.337572297834;-9531.196063442332;0;489;0;0;978;7.837518037518038;7.303030303030303;6.542857142857143;9.666666666666666;5.666666666666667;5;4.6;7.4;5.041558441558441;4.515151515151516;4.3428571428571425;6.266666666666667;0;0;0;0;0;0;0;0;0.4610981081349836;0.4856585379200856;0.38263913343632583;0.5149966530485393;1;1;1;1;1;1;1;1;1;1;1;1;0;0;0;0;0;0;0;0;0;2.52;98;2282.50341993184;0;0;0;0;103;8230.582618966622;5;58.81666666666667;1752.181006483077;0.9734338924905983;103;719.4235065303211;97;682.7487300777609;0;0;101;2926.304934980267;5;81.54244605307854;305;6164.4030879237025;0;0;0;0;1.0498417999999998;0.00016241628468033773;0.1346431;829;0.0027022805825242706;0.5566697999999998;206;2.2681940700808637E-06;0.001683000000000001;742;0.002316425510204082;0.22700970000000006;98;0.002316425510204082;0.22700970000000006;98;9.5E-06;1.9E-05;2;0.0001632908176100629;0.1298162;795;;NaN;NaN;NaN;NaN;;NaN;NaN;NaN;NaN;PForO_-3.6116504854368934_5.737324703344121_28.51294498381876;-3.6116504854368934;5.737324703344121;28.51294498381876;NaN;;NaN;NaN;NaN;NaN;;NaN;NaN;NaN;NaN;;NaN;NaN;NaN;NaN;;NaN;NaN;NaN;NaN;1.1093117408906883_-10617.702880820105;NaN;1.1093117408906883;NaN;NaN;;NaN;NaN;NaN;NaN;;NaN;NaN;NaN;NaN;;;;;;
Weighted2;Weighted2;Weighted2;[[1, 3, 0.05]];ppFARP2tt;taBA120fft9wcwwm;saAA;isEt0.8;psNt;rpD;obPMy;rbSPdf;mmNC;0;1800;1;6;84;1;3;1.5;6;2;0.1;12;1000;0;413;0;0;200;72;200;174.25806451612902;0;772;732;508;772;0;41;0;0;4933.4377655195585;822.2396275865931;4764;5128;776.2907311029339;183.26797619722458;16.228413702366968;20.26797968035315;16.6508485711974;304;101;20.61760233271864;0;0;210;0;98;0;1;0;65.33333333333333;0;0;0;0;1.5555555555555554;0.3547619047619047;0.26666666666666666;0.5952380952380952;0;0;0;0;0;0;0;0;0;0;0;0;88.35546875;1.64379;0;1544;2536.1283696298497;0.6088019906600186;1464;1016;455.9995953880512;295.80981961009707;115.46676765100256;687.8557431383819;86.72409407533787;23.934444444444807;16.04749640353964;72.09842712474597;0;0;0;0;0;0;0;0;0;0;0;0;-10220.478778832683;-10160.525630654578;-10863.433769821255;-9583.708586054372;0;508;0;0;1016;7.889875989496482;7.676470588235294;7.606060606060606;8.387096774193548;6.026661299906081;5.9411764705882355;5.848484848484849;6.290322580645161;5.183591129511433;5.161290322580645;5.147058823529412;5.242424242424242;0;0;0;0;0;0;0;0;0.4519622642156851;0.4464778981321758;0.4448854257365457;0.4645234687783337;1;1;1;1;1;1;1;1;1;1;1;1;0;0;0;0;0;0;0;0;0;2.52;100;2290.647416714554;0;0;0;0;105;8239.696313363193;5;62.046666666666674;1755.0572883462912;0.9750318268590507;104;731.9885065303163;98;689.922308820712;0;0;102;2987.3801516182148;5;82.72794349842276;311;6102.891486276748;0;0;0;0;1.2477339999999955;0.0001346429487179487;0.1050215;780;0.003247035714285717;0.6818775000000006;210;1.9285902503293777E-06;0.0014637999999999977;759;0.0033618600000000004;0.33618600000000004;100;0.0033618600000000004;0.33618600000000004;100;1.64E-05;3.28E-05;2;0.00015018365853658545;0.12315060000000007;820;;NaN;NaN;NaN;NaN;;NaN;NaN;NaN;NaN;PForO_-3.4326923076923075_6.058760683760687_28.214743589743595;-3.4326923076923075;6.058760683760687;28.214743589743595;NaN;;NaN;NaN;NaN;NaN;;NaN;NaN;NaN;NaN;;NaN;NaN;NaN;NaN;;NaN;NaN;NaN;NaN;1.157676348547718_-10638.762910602005;NaN;1.157676348547718;NaN;NaN;;NaN;NaN;NaN;NaN;;NaN;NaN;NaN;NaN;;;;;;
Weighted2;Weighted2;Weighted2;[[1, 3, 0.05]];ppFARP2tt;taBA120fft9wcwwm;saAA;isEt0.8;psNt;rpD;obPMy;rbSPdf;mmNC;0;1800;1;6;84;1;3;1.5;6;2;0.1;12;1000;0;410;0;0;200;75;200;176.8709677419355;0;786;744;502;786;0;43;0;0;4850.18271506239;808.3637858437318;4664;5081;769.531792920695;174.11825397500232;16.007203680073896;20.180991836635137;16.733105619308358;303;103;20.383493603775527;0;0;209;0;99;0;1;0;66;0;0;0;0;0.6666666666666666;0.35714285714285715;0.2732142857142857;0.5952380952380952;0;0;0;0;0;0;0;0;0;0;0;0;90.17578125;1.2105374;0;1572;2537.1578346760775;0.6195909369590715;1488;1004;497.2939501057103;337.71593791413216;133.84453104293573;748.0746320272708;97.00288128689448;27.477683986365264;16.50740980504804;79.27722222222224;0;0;0;0;0;0;0;0;0;0;0;0;-10198.400517945978;-10159.841289637352;-10824.043196979566;-9538.783588763046;0;502;0;0;1004;7.942977569815805;8.03125;7.676470588235294;8.121212121212121;5.89975118835413;5.78125;5.705882352941177;6.212121212121212;5.0706885026737964;4.970588235294118;4.96875;5.2727272727272725;0;0;0;0;0;0;0;0;0.4420570506026791;0.44322451106259514;0.4295487492903698;0.4533978914550722;1;1;1;1;1;1;1;1;1;1;1;1;0;0;0;0;0;0;0;0;0;2.52;100;2288.167857183348;0;0;0;0;104;8231.886435926295;5;62.046666666666674;1753.3423821849408;0.974079101213856;103;724.9965656823352;99;694.1907431383853;0;0;102;3035.7429509747667;5;81.7562483434753;309;6047.934451637348;0;0;0;0;0.8325846999999993;0.00010113015075376878;0.08049959999999995;796;0.002288239712918661;0.4782421000000001;209;1.4450722733245642E-06;0.0010996999999999934;761;0.001874984999999999;0.1874984999999999;100;0.001874984999999999;0.1874984999999999;100;1.115E-05;2.23E-05;2;0.0001066588235294119;0.0852204000000001;799;;NaN;NaN;NaN;NaN;;NaN;NaN;NaN;NaN;PForO_-3.605769230769231_5.892628205128205_28.4375;-3.605769230769231;5.892628205128205;28.4375;NaN;;NaN;NaN;NaN;NaN;;NaN;NaN;NaN;NaN;;NaN;NaN;NaN;NaN;;NaN;NaN;NaN;NaN;1.1529411764705881_-10715.958844021352;NaN;1.1529411764705881;NaN;NaN;;NaN;NaN;NaN;NaN;;NaN;NaN;NaN;NaN;;;;;;
Weighted2;Weighted2;Weighted2;[[1, 3, 0.05]];ppFARP2tt;taBA120fft9wcwwm;saAA;isEt0.8;psNt;rpD;obPMy;rbSPdf;mmNC;0;1800;1;6;84;1;3;1.5;6;2;0.1;12;1000;0;416;0;0;200;94;200;179.83870967741936;0;741;702;487;741;0;72;0;0;5053.822783575507;842.3037972625845;5018;5189;802.6583392801949;139.44309765597802;16.14639866957031;19.877539706296332;17.20450908030314;313;105;20.97349316225585;0;0;218;0;102;0;1;0;68;0;0;0;0;2;0.3598214285714285;0.2630952380952381;0.5952380952380952;0;0;0;0;0;0;0;0;0;0;0;0;90.16015625;1.3112011;0;1482;2523.630131990323;0.587249288718543;1404;974;449.8466100146754;324.62463202726997;119.42777777777758;668.3790764717149;94.56207011098613;24.376111111111072;16.25676045807961;81.13490620858744;0;0;0;0;0;0;0;0;0;0;0;0;-10207.880833454206;-10183.966755820595;-10832.70043966806;-9556.776187244994;0;487;0;0;974;7.294642857142858;6.942857142857143;6.628571428571429;8.3125;5.311904761904763;5.0285714285714285;4.6571428571428575;6.25;4.795238095238095;4.571428571428571;4.314285714285714;5.5;0;0;0;0;0;0;0;0;0.47393672839506573;0.4836738535030701;0.4326494429719631;0.5054868887101639;1;1;1;1;1;1;1;1;1;1;1;1;0;0;0;0;0;0;0;0;0;2.52;103;2414.7873663641144;0;0;0;0;110;8092.407612057081;5;62.510743138381265;1751.1991630701993;0.9728884239278885;107;751.1575758091026;103;725.2129653606072;0;0;106;2845.1927633919263;5;79.86915587728164;321;6170.793261120659;0;0;0;0;0.903672299999996;0.0001176619863013698;0.10307189999999994;876;0.0023329655963302744;0.5085864999999998;218;1.2976486860304257E-06;0.0009381999999999978;723;0.0020002961165048534;0.2060304999999999;103;0.0020002961165048534;0.2060304999999999;103;8.9E-06;1.78E-05;2;0.00010790076142131976;0.08502579999999997;788;;NaN;NaN;NaN;NaN;;NaN;NaN;NaN;NaN;PForO_-3.3486238532110093_5.662844036697246_27.502293577981646;-3.3486238532110093;5.662844036697246;27.502293577981646;NaN;;NaN;NaN;NaN;NaN;;NaN;NaN;NaN;NaN;;NaN;NaN;NaN;NaN;;NaN;NaN;NaN;NaN;1.0708333333333333_-10573.720112067334;NaN;1.0708333333333333;NaN;NaN;;NaN;NaN;NaN;NaN;;NaN;NaN;NaN;NaN;;;;;;
Weighted2;Weighted2;Weighted2;[[1, 3, 1]];ppFARP2tt;taBA120fft9wcwwm;saAA;isEt0.8;psNt;rpD;obPMy;rbSPdf;mmNC;0;1800;1;6;84;1;3;1.5;6;2;0.1;12;1000;0;410;0;0;200;109;200;183;0;716;673;468;716;0;22;0;0;4993.232143955083;832.2053573258472;4882;5099;793.6293025112636;182.12751683072722;16.317752104428376;20.752942661997388;17.181814881002737;306;102;20.93508693441296;0;0;211;0;99;0;1;0;66;0;0;0;0;4.666666666666667;0.3680059523809524;0.2714285714285714;0.5952380952380952;0;0;0;0;0;0;0;0;0;0;0;0;101.3125;1.159107;0;1432;2523.387042345208;0.5674912234902796;1346;936;464.3118826521499;338.52647908384085;142.75740980504798;652.5202813742394;100.16730741444567;23.200461764142915;16.06166666666695;93.69185424949433;0;0;0;0;0;0;0;0;0;0;0;0;-10198.245692883193;-10145.756342379524;-10893.78067277126;-9509.437238526603;0;468;0;0;936;7.283900836320192;7.625;6.194444444444445;8.03225806451613;5.306862305854241;5.65625;4.361111111111111;5.903225806451613;4.762096774193548;5.125;4;5.161290322580645;0;0;0;0;0;0;0;0;0.4922030436375903;0.4792772165962598;0.46927260295091067;0.5280593113656004;1;1;1;1;1;1;1;1;1;1;1;1;0;0;0;0;0;0;0;0;0;2.52;101;2355.7050071929407;0;0;0;0;105;8144.428932046459;5;62.510743138381265;1750.0223232065664;0.972234624003648;104;732.113701306077;100;703.4988888888935;0;0;102;2752.6185209161663;5;81.45935065304455;312;6295.4742206136;0;0;0;0;0.8183099999999979;9.701090909090914E-05;0.08003400000000004;825;0.002140783886255923;0.4517053999999998;211;2.020348837209298E-06;0.0013899999999999971;688;0.0020280841584158407;0.20483649999999992;101;0.0020280841584158407;0.20483649999999992;101;1.0399999999999999E-05;2.0799999999999997E-05;2;0.0001061050198150595;0.08032150000000005;757;;NaN;NaN;NaN;NaN;;NaN;NaN;NaN;NaN;PForO_-3.2476190476190476_5.634391534391535_27.503174603174596;-3.2476190476190476;5.634391534391535;27.503174603174596;NaN;;NaN;NaN;NaN;NaN;;NaN;NaN;NaN;NaN;;NaN;NaN;NaN;NaN;;NaN;NaN;NaN;NaN;1.0732758620689655_-10558.423483119695;NaN;1.0732758620689655;NaN;NaN;;NaN;NaN;NaN;NaN;;NaN;NaN;NaN;NaN;;;;;;
Weighted2;Weighted2;Weighted2;[[1, 3, 1]];ppFARP2tt;taBA120fft9wcwwm;saAA;isEt0.8;psNt;rpD;obPMy;rbSPdf;mmNC;0;1800;1;6;84;1;3;1.5;6;2;0.1;12;1000;0;429;0;0;200;78;200;174.96774193548387;0;805;764;518;805;0;50;0;0;4884.117363622761;814.0195606037936;4748;5102;767.1079917818829;178.07468856077767;16.669342537961644;20.703074948041934;17.056494294920206;293;98;20.73851827386132;0;0;202;0;94;0;1;0;62.666666666666664;0;0;0;0;1.5555555555555554;0.34732142857142856;0.24821428571428572;0.5952380952380952;0;0;0;0;0;0;0;0;0;0;0;0;101.98046875;1.1955964;0;1610;2548.506872346682;0.6317424596612923;1528;1036;451.44757902743993;293.4719480409053;116.22194804090526;663.754076471715;90.83640393112877;25.017777777778065;16.852222222222167;83.05166666666662;0;0;0;0;0;0;0;0;0;0;0;0;-10211.735290196113;-10144.859431916206;-10775.39772301701;-9579.732214658485;0;518;0;0;1036;8.576213750407298;8.32258064516129;8.272727272727273;9.133333333333333;6.442293906810036;6.333333333333333;6.193548387096774;6.8;5.514304333659172;5.484848484848484;5.258064516129032;5.8;0;0;0;0;0;0;0;0;0.4300579672569218;0.41989289723847995;0.41770513071268967;0.45257587381959585;1;1;1;1;1;1;1;1;1;1;1;1;0;0;0;0;0;0;0;0;0;2.52;96;2221.5071212378843;0;0;0;0;101;8320.090223547426;5;60.03231601363508;1756.9328907975516;0.976073828220862;101;708.5011039181794;95;668.7448196101021;0;0;97;3124.415490535853;5;81.51888169597812;299;6020.969365038832;0;0;0;0;0.7856247999999963;0.00010732335858585871;0.08500010000000009;792;0.0021791900990099002;0.4401963999999999;202;1.4864213197969464E-06;0.0011712999999999938;788;0.0017891416666666663;0.17175759999999995;96;0.0017891416666666663;0.17175759999999995;96;1.4849999999999998E-05;2.9699999999999997E-05;2;0.00010450155316606929;0.0874678;837;;NaN;NaN;NaN;NaN;;NaN;NaN;NaN;NaN;PForO_-3.8514851485148514_5.889988998899886_29.105610561056107;-3.8514851485148514;5.889988998899886;29.105610561056107;NaN;;NaN;NaN;NaN;NaN;;NaN;NaN;NaN;NaN;;NaN;NaN;NaN;NaN;;NaN;NaN;NaN;NaN;1.194331983805668_-10697.375506453027;NaN;1.194331983805668;NaN;NaN;;NaN;NaN;NaN;NaN;;NaN;NaN;NaN;NaN;;;;;;
Weighted2;Weighted2;Weighted2;[[1, 3, 1]];ppFARP2tt;taBA120fft9wcwwm;saAA;isEt0.8;psNt;rpD;obPMy;rbSPdf;mmNC;0;1800;1;6;84;1;3;1.5;6;2;0.1;12;1000;0;417;0;0;200;72;200;173.09677419354838;0;809;766;512;809;0;66;0;0;4932.134521791491;822.0224202985819;4836;5109;774.6183618564054;142.03984607862074;17.00736041997066;20.895281633998547;17.95652619788915;290;97;21.571427157914357;0;0;200;0;94;0;1;0;62.666666666666664;0;0;0;0;1.5555555555555556;0.34404761904761905;0.2494047619047619;0.5952380952380952;0;0;0;0;0;0;0;0;0;0;0;0;110.55078125;1.1735099;0;1618;2549.244297046703;0.6346978992458476;1532;1024;447.27575906376114;296.51852091615865;122.3567604580797;673.4093578459605;89.03427179030426;28.416666666666657;16.527222222222235;77.67907647171535;0;0;0;0;0;0;0;0;0;0;0;0;-10241.009960763682;-10198.758213543928;-10894.150209051166;-9554.712794857485;0;512;0;0;1024;8.620658194851742;8.6;7.9393939393939394;9.32258064516129;6.430596285434994;6.166666666666667;6.0606060606060606;7.064516129032258;5.4455848810687515;5.363636363636363;5.166666666666667;5.806451612903226;0;0;0;0;0;0;0;0;0.4245322414580455;0.4383871412497252;0.38250418864503877;0.4527053944793727;1;1;1;1;1;1;1;1;1;1;1;1;0;0;0;0;0;0;0;0;0;2.52;95;2249.3984993373742;0;0;0;0;100;8274.727870199209;5;60.03231601363508;1754.0210615894305;0.9744561453274614;99;696.9703679727334;94;661.72407647172;0;0;97;3147.976291501009;5;80.27295816768877;296;5999.734991437067;0;0;0;0;0.827041799999999;0.00012101602409638538;0.10044329999999986;830;0.0022776274999999997;0.45552549999999997;200;1.179093198992442E-06;0.000936199999999999;794;0.001975413684210527;0.18766430000000006;95;0.001975413684210527;0.18766430000000006;95;8.55E-06;1.71E-05;2;9.946284680337759E-05;0.08245470000000002;829;;NaN;NaN;NaN;NaN;;NaN;NaN;NaN;NaN;PForO_-3.86_5.958611111111112_29.45583333333332;-3.86;5.958611111111112;29.45583333333332;NaN;;NaN;NaN;NaN;NaN;;NaN;NaN;NaN;NaN;;NaN;NaN;NaN;NaN;;NaN;NaN;NaN;NaN;1.2023346303501945_-10739.427983732887;NaN;1.2023346303501945;NaN;NaN;;NaN;NaN;NaN;NaN;;NaN;NaN;NaN;NaN;;;;;;
Weighted2;Weighted2;Weighted2;[[1, 3, 1]];ppFARP2tt;taBA120fft9wcwwm;saAA;isEt0.8;psNt;rpD;obPMy;rbSPdf;mmNC;0;1800;1;6;84;1;3;1.5;6;2;0.1;12;1000;0;424;0;0;200;73;200;172.41935483870967;0;793;753;518;793;0;38;0;0;4835.1823579585325;805.8637263264221;4677;4966;767.7860497350794;170.68430735378683;16.615746934565404;21.014917808726512;17.495653739576266;291;98;21.60614806927951;0;0;203;0;94;0;1;0;62.666666666666664;0;0;0;0;2.8888888888888893;0.3494047619047619;0.256547619047619;0.5952380952380952;0;0;0;0;0;0;0;0;0;0;0;0;116.921875;1.3090402;0;1586;2547.251598883286;0.6226318596464133;1506;1036;448.2417902664819;270.2418542494925;122.97749640353936;644.8240764717149;84.05667902071093;25.19740980504912;16.63176045807961;70.91509379141371;0;0;0;0;0;0;0;0;0;0;0;0;-10240.26075304189;-10196.25391974426;-10854.842244679452;-9572.698588762267;0;518;0;0;1036;8.501545628700802;7.6875;7.575757575757576;10.241379310344827;6.606158568443052;5.90625;5.636363636363637;8.275862068965518;5.563501393242773;5.0625;4.696969696969697;6.931034482758621;0;0;0;0;0;0;0;0;0.43690817435026147;0.4674131594001176;0.36594323401039663;0.4773681296402703;1;1;1;1;1;1;1;1;1;1;1;1;0;0;0;0;0;0;0;0;0;2.52;96;2262.1839826803007;0;0;0;0;102;8268.413636286341;5;59.86231601363509;1755.0996031611066;0.9750553350895037;98;689.8437879045573;95;668.6043650388842;0;0;98;3078.2236003217263;5;83.4458297368688;298;6072.86235197824;0;0;0;0;0.9384193999999961;0.00011327298636926888;0.09141129999999999;807;0.0025240620689655187;0.5123846000000003;203;1.2079842931937194E-06;0.0009229000000000017;764;0.0025459906250000003;0.24441510000000002;96;0.0025459906250000003;0.24441510000000002;96;8.9E-06;1.78E-05;2;0.00010768021712907107;0.08926689999999991;829;;NaN;NaN;NaN;NaN;;NaN;NaN;NaN;NaN;PForO_-3.5643564356435644_6.115511551155113_28.386138613861373;-3.5643564356435644;6.115511551155113;28.386138613861373;NaN;;NaN;NaN;NaN;NaN;;NaN;NaN;NaN;NaN;;NaN;NaN;NaN;NaN;;NaN;NaN;NaN;NaN;1.2131147540983607_-10646.834882223075;NaN;1.2131147540983607;NaN;NaN;;NaN;NaN;NaN;NaN;;NaN;NaN;NaN;NaN;;;;;;
Weighted2;Weighted2;Weighted2;[[1, 3, 2]];ppFARP2tt;taBA120fft9wcwwm;saAA;isEt0.8;psNt;rpD;obPMy;rbSPdf;mmNC;0;1800;1;6;84;1;3;1.5;6;2;0.1;12;1000;0;415;0;0;200;68;200;170.25806451612902;0;807;765;514;807;0;16;0;0;4905.19850552853;817.5330842547551;4762;5075;775.383585841399;160.01533551010235;16.3506616850951;20.05406214587558;16.85375543567353;300;100;20.532890114520182;0;0;207;0;96;0;1;0;64;0;0;0;0;4.666666666666667;0.3380952380952381;0.22678571428571428;0.5952380952380952;0;0;0;0;0;0;0;0;0;0;0;0;118.3046875;1.2570015;0;1614;2546.9261395993317;0.633705067024011;1530;1028;453.0646969922724;323.59676045807936;134.17537516565142;629.5843506530318;79.34548702559924;29.459444444445353;19.892222222222472;77.61443725152299;0;0;0;0;0;0;0;0;0;0;0;0;-10250.248126168182;-10212.144035080697;-10892.13743162301;-9598.648890731363;0;514;0;0;1028;8.482386072708653;8.870967741935484;6.942857142857143;9.633333333333333;6.490168970814132;6.741935483870968;5.0285714285714285;7.7;5.406041986687147;5.741935483870968;4.3428571428571425;6.133333333333334;0;0;0;0;0;0;0;0;0.4270601290827755;0.4136078723683958;0.3848037839399885;0.48276873093994227;1;1;1;1;1;1;1;1;1;1;1;1;0;0;0;0;0;0;0;0;0;2.52;99;2312.273860117173;0;0;0;0;103;8229.227416997934;5;59.86231601363509;1756.9168795191845;0.9760649330662136;102;717.8566594737343;97;682.7954617641446;0;0;99;3131.981219288392;5;82.71028856715607;306;5988.539964035316;0;0;0;0;0.8362843000000005;0.00010633841229193349;0.08305030000000005;781;0.0022988531400966175;0.4758625999999998;207;1.131969309462918E-06;0.0008852000000000019;782;0.0019125565656565667;0.1893431000000001;99;0.0019125565656565667;0.1893431000000001;99;8.45E-06;1.69E-05;2;0.0001044671462829736;0.08712559999999998;834;;NaN;NaN;NaN;NaN;;NaN;NaN;NaN;NaN;PForO_-3.8446601941747574_5.771035598705503_28.031553398058247;-3.8446601941747574;5.771035598705503;28.031553398058247;NaN;;NaN;NaN;NaN;NaN;;NaN;NaN;NaN;NaN;;NaN;NaN;NaN;NaN;;NaN;NaN;NaN;NaN;1.250936329588015_-10730.889096204188;NaN;1.250936329588015;NaN;NaN;;NaN;NaN;NaN;NaN;;NaN;NaN;NaN;NaN;;;;;;
Weighted2;Weighted2;Weighted2;[[1, 3, 2]];ppFARP2tt;taBA120fft9wcwwm;saAA;isEt0.8;psNt;rpD;obPMy;rbSPdf;mmNC;0;1800;1;6;84;1;3;1.5;6;2;0.1;12;1000;0;415;0;0;200;81;200;177.38709677419354;0;769;731;501;769;0;55;0;0;4983.546397099192;830.5910661831987;4826;5075;783.9531384631064;168.01516595682125;17.066939716093124;21.312573533873024;17.860207110102724;292;97;22.24697423363514;0;0;203;0;94;0;1;0;62.666666666666664;0;0;0;0;6.222222222222222;0.3590773809523809;0.2755952380952381;0.5952380952380952;0;0;0;0;0;0;0;0;0;0;0;0;86.2578125;1.2775926;0;1538;2543.3411913959294;0.6047163491878409;1462;1002;451.27155997753715;292.55064934697043;135.58574313838153;628.6100000000002;100.2575968541833;28.131760458079526;16.598888888889178;87.15360751465073;0;0;0;0;0;0;0;0;0;0;0;0;-10178.608803295809;-10137.257515145186;-10753.190058934097;-9516.04783314665;0;501;0;0;1002;8.276610644257703;8.25;6.794117647058823;9.785714285714286;6.014443277310924;6.09375;4.735294117647059;7.214285714285714;5.387254901960785;5.5;4.411764705882353;6.25;0;0;0;0;0;0;0;0;0.4554796256860401;0.4384409932802998;0.41790335909711035;0.5100945246807101;1;1;1;1;1;1;1;1;1;1;1;1;0;0;0;0;0;0;0;0;0;2.52;96;2266.164242475771;0;0;0;0;102;8261.782222222215;5;58.641666666666666;1754.657744116331;0.9748098578424061;100;694.130714366692;96;675.7863924853543;0;0;97;2980.4049277873537;5;80.32293658890305;298;6158.463160136349;0;0;0;0;0.8736729000000012;0.00011032310513447436;0.09024430000000003;818;0.0023898157635468013;0.48513260000000064;203;1.1559023066485733E-06;0.0008518999999999984;737;0.002056465624999999;0.19742069999999992;96;0.002056465624999999;0.19742069999999992;96;8E-06;1.6E-05;2;0.00012346530864197538;0.10000690000000007;810;;NaN;NaN;NaN;NaN;;NaN;NaN;NaN;NaN;PForO_-3.7549019607843137_5.738017429193899_29.302287581699346;-3.7549019607843137;5.738017429193899;29.302287581699346;NaN;;NaN;NaN;NaN;NaN;;NaN;NaN;NaN;NaN;;NaN;NaN;NaN;NaN;;NaN;NaN;NaN;NaN;1.0846153846153845_-10644.043050833274;NaN;1.0846153846153845;NaN;NaN;;NaN;NaN;NaN;NaN;;NaN;NaN;NaN;NaN;;;;;;
Weighted2;Weighted2;Weighted2;[[1, 3, 2]];ppFARP2tt;taBA120fft9wcwwm;saAA;isEt0.8;psNt;rpD;obPMy;rbSPdf;mmNC;0;1800;1;6;84;1;3;1.5;6;2;0.1;12;1000;0;408;0;0;200;91;200;182.38709677419354;0;751;711;483;751;0;29;0;0;4955.661536419746;825.943589403291;4771;5093;782.358244375103;174.6720021767711;16.463991815347992;20.800308616051076;17.318474685617097;301;102;21.02153205806122;0;0;208;0;98;0;1;0;65.33333333333333;0;0;0;0;0.22222222222222224;0.3645833333333333;0.2869047619047619;0.5952380952380952;0;0;0;0;0;0;0;0;0;0;0;0;97.234375;1.1848098;0;1502;2531.5703106423152;0.5933076374319264;1422;966;481.53620298640897;342.81084412272025;161.7323160136366;686.8956493469693;95.8047000604912;24.50888888888892;16.246572875253833;87.35611111111092;0;0;0;0;0;0;0;0;0;0;0;0;-10197.373538703658;-10118.712090916793;-10869.3910572371;-9517.081897963917;0;483;0;0;966;7.6625631313131315;7.59375;7.303030303030303;8.090909090909092;5.541666666666667;5.625;5.121212121212121;5.878787878787879;4.92929292929293;5;4.636363636363637;5.151515151515151;0;0;0;0;0;0;0;0;0.4676447692650812;0.4838189233810385;0.43340937588585693;0.4857060085283482;1;1;1;1;1;1;1;1;1;1;1;1;0;0;0;0;0;0;0;0;0;2.52;100;2350.334133787652;0;0;0;0;103;8165.494747908297;5;58.641666666666666;1752.6381469493247;0.9736878594162914;103;724.9257503313092;99;685.0564934696887;0;0;101;2897.611118304037;5;82.26257580910442;308;6187.134610448476;0;0;0;0;0.8140753999999975;0.0001070907203907204;0.08770730000000002;819;0.002134379807692309;0.44395100000000026;208;1.0711934156378609E-06;0.0007809000000000006;729;0.0019699080000000007;0.19699080000000008;100;0.0019699080000000007;0.19699080000000008;100;7.45E-06;1.49E-05;2;0.00010794617346938767;0.08462979999999994;784;;NaN;NaN;NaN;NaN;;NaN;NaN;NaN;NaN;PForO_-3.4563106796116503_5.658036677454152_28.275080906148872;-3.4563106796116503;5.658036677454152;28.275080906148872;NaN;;NaN;NaN;NaN;NaN;;NaN;NaN;NaN;NaN;;NaN;NaN;NaN;NaN;;NaN;NaN;NaN;NaN;1.0975609756097562_-10613.745372878642;NaN;1.0975609756097562;NaN;NaN;;NaN;NaN;NaN;NaN;;NaN;NaN;NaN;NaN;;;;;;
Weighted2;Weighted2;Weighted2;[[1, 3, 2]];ppFARP2tt;taBA120fft9wcwwm;saAA;isEt0.8;psNt;rpD;obPMy;rbSPdf;mmNC;0;1800;1;6;84;1;3;1.5;6;2;0.1;12;1000;0;426;0;0;200;78;200;178.51612903225808;0;789;748;515;789;0;37;0;0;4840.665500154315;806.7775833590525;4704;4988;765.6519251688454;185.52789803771324;16.634589347609328;21.054129043229885;17.22881155791621;291;97;21.495835826252463;0;0;201;0;94;0;1;0;62.666666666666664;0;0;0;0;0.8888888888888888;0.35505952380952377;0.2648809523809524;0.5952380952380952;0;0;0;0;0;0;0;0;0;0;0;0;97.96875;1.2070513;0;1578;2545.7271520207396;0.6198621870169472;1496;1030;463.44745690740217;320.51407647171396;129.83944444444447;654.3247330116043;80.32362067154634;24.584256861618712;16.62046176414276;75.6848124171741;0;0;0;0;0;0;0;0;0;0;0;0;-10198.680186359401;-10121.376785239694;-10775.488133225426;-9537.899067435701;0;515;0;0;1030;8.4125;8.03125;7.90625;9.3;6.395833333333333;6.15625;6.03125;7;5.4875;5.28125;5.28125;5.9;0;0;0;0;0;0;0;0;0.439945989091316;0.4531372134938586;0.40730710707248463;0.4593936467076047;1;1;1;1;1;1;1;1;1;1;1;1;0;0;0;0;0;0;0;0;0;2.52;97;2180.3019914818724;0;0;0;0;99;8355.542012777187;5;61.19555555555556;1755.9740007098428;0.9755411115054682;99;696.9058081581086;93;654.6687807116318;0;0;97;3066.562222222215;5;81.94994217319558;297;6099.472806549462;0;0;0;0;0.7734670999999992;0.00011364550063371362;0.08966630000000005;789;0.002079658706467662;0.4180114000000001;201;1.18900388098318E-06;0.0009190999999999981;773;0.0018247432989690732;0.1770001000000001;97;0.0018247432989690732;0.1770001000000001;97;8.35E-06;1.67E-05;2;0.00010687700729927017;0.08785290000000008;822;;NaN;NaN;NaN;NaN;;NaN;NaN;NaN;NaN;PForO_-3.5656565656565657_6.017115600448937_28.71801346801347;-3.5656565656565657;6.017115600448937;28.71801346801347;NaN;;NaN;NaN;NaN;NaN;;NaN;NaN;NaN;NaN;;NaN;NaN;NaN;NaN;;NaN;NaN;NaN;NaN;1.1659574468085105_-10674.00916287172;NaN;1.1659574468085105;NaN;NaN;;NaN;NaN;NaN;NaN;;NaN;NaN;NaN;NaN;;;;;;
Weighted2;Weighted2;Weighted2;wmin;ppFARP2tt;taBA120fft9wcwwm;saAA;isEt0.8;psNt;rpD;obPMy;rbSPdf;mmNC;0;1800;1;6;84;1;3;1.5;6;2;0.1;12;1000;0;409;0;0;200;88;200;175.2258064516129;0;758;716;488;758;0;46;0;0;5023.3874510910255;837.2312418485043;4854;5103;793.2953030474704;164.66025375413042;17.028432037596698;21.1170518509949;17.7680297407414;295;99;21.38587279667892;0;0;204;0;94;0;1;0;62.666666666666664;0;0;0;0;1.5555555555555556;0.3578869047619047;0.26607142857142857;0.5952380952380952;0;0;0;0;0;0;0;0;0;0;0;0;127.00390625;1.8066503;0;1516;2539.787541380574;0.5969003215032447;1432;976;448.6277377489814;291.324725818683;129.60564934696848;682.3725035964615;90.26711022248193;25.150093791413383;16.309444444444466;93.5796320272716;0;0;0;0;0;0;0;0;0;0;0;0;-10223.037028296887;-10124.26068286201;-10856.010641084904;-9541.086624478034;0;488;0;0;976;8.081720430107527;7.666666666666667;7.645161290322581;8.933333333333334;5.747409579667644;5.545454545454546;5.096774193548387;6.6;5.20553926360378;4.909090909090909;4.774193548387097;5.933333333333334;0;0;0;0;0;0;0;0;0.46151098958212877;0.4617209798196321;0.4273116323319631;0.4955003565947912;1;1;1;1;1;1;1;1;1;1;1;1;0;0;0;0;0;0;0;0;0;2.52;97;2220.575533976786;0;0;0;0;102;8304.174776452537;5;58.863888888888894;1754.1250517382202;0.9745139176323446;102;706.522431667224;96;675.812691179292;0;0;97;2943.653311471166;5;78.33352119955768;301;6181.812243800972;0;0;0;0;1.2048511;0.0001940589901477834;0.1575759000000001;812;0.0031692392156862747;0.6465248;204;2.199726402188781E-06;0.001607999999999999;731;0.002514222680412371;0.2438796;97;0.002514222680412371;0.2438796;97;1.18E-05;2.36E-05;2;0.00020265939947780682;0.15523710000000002;766;;NaN;NaN;NaN;NaN;;NaN;NaN;NaN;NaN;PForO_-3.6470588235294117_5.666666666666669_29.17647058823531;-3.6470588235294117;5.666666666666669;29.17647058823531;NaN;;NaN;NaN;NaN;NaN;;NaN;NaN;NaN;NaN;;NaN;NaN;NaN;NaN;;NaN;NaN;NaN;NaN;1.064516129032258_-10615.157267847699;NaN;1.064516129032258;NaN;NaN;;NaN;NaN;NaN;NaN;;NaN;NaN;NaN;NaN;;;;;;
Weighted2;Weighted2;Weighted2;wmin;ppFARP2tt;taBA120fft9wcwwm;saAA;isEt0.8;psNt;rpD;obPMy;rbSPdf;mmNC;0;1800;1;6;84;1;3;1.5;6;2;0.1;12;1000;0;416;0;0;200;166;200;198.16129032258064;0;610;572;416;610;0;71;0;0;5456.787179071986;909.4645298453311;5350;5689;862.8825757146274;146.67143818223573;16.049374056094077;19.605275103829523;17.01695560649595;340;114;20.67458766782713;0;0;234;0;110;0;1;0;73.33333333333333;0;0;0;0;1.5555555555555554;0.41443452380952384;0.3595238095238095;0.5952380952380952;0;0;0;0;0;0;0;0;0;0;0;0;128.15234375;1.408541;0;1220;2473.175903332832;0.4932928540812393;1144;832;487.38949867182185;383.54648627676255;149.47435065303193;712.9842640545414;108.83692007541605;15.973888888888837;10.229999999999997;78.68203463939665;0;0;0;0;0;0;0;0;0;0;0;0;-10151.741444958114;-10076.498595791418;-10763.465181081267;-9476.989945925403;0;416;0;0;832;5.5586398428503685;5.513513513513513;5.105263157894737;6.057142857142857;3.9622908622908626;3.72972972972973;3.5;4.6571428571428575;3.7971956919325343;3.5945945945945947;3.3684210526315788;4.428571428571429;0;0;0;0;0;0;0;0;0.5684412430508536;0.5674716690328133;0.5486086138453745;0.5892434462743731;1;1;1;1;1;1;1;1;1;1;1;1;0;0;0;0;0;0;0;0;0;2.52;112;2608.7193218813263;0;0;0;0;117;7889.624278440385;5;63.36777777777778;1749.7239333869518;0.9720688518816398;115;809.6897114328424;111;781.4959163353624;0;0;113;2290.728145750499;5;90.25709246620016;346;6592.060512114585;0;0;0;0;0.9347189000000005;0.00014428875413450938;0.1308699;907;0.0020262576923076934;0.47414430000000024;234;1.6400000000000006E-06;0.0009922000000000004;605;0.0019510723214285729;0.21852010000000016;112;0.0019510723214285729;0.21852010000000016;112;8.25E-06;1.65E-05;2;0.00014848423180592978;0.11017529999999989;742;;NaN;NaN;NaN;NaN;;NaN;NaN;NaN;NaN;PForO_-2.3846153846153846_6.560303893637227_28.11680911680911;-2.3846153846153846;6.560303893637227;28.11680911680911;NaN;;NaN;NaN;NaN;NaN;;NaN;NaN;NaN;NaN;;NaN;NaN;NaN;NaN;;NaN;NaN;NaN;NaN;0.8947368421052632_-10501.750603724395;NaN;0.8947368421052632;NaN;NaN;;NaN;NaN;NaN;NaN;;NaN;NaN;NaN;NaN;;;;;;
Weighted2;Weighted2;Weighted2;wmin;ppFARP2tt;taBA120fft9wcwwm;saAA;isEt0.8;psNt;rpD;obPMy;rbSPdf;mmNC;0;1800;1;6;84;1;3;1.5;6;2;0.1;12;1000;0;413;0;0;200;163;200;197.80645161290323;0;624;587;417;624;0;61;0;0;5408.719968046414;901.4533280077356;5260;5546;860.1065259795328;145.41279340968296;16.097380857280992;19.698681952104472;17.102024926931563;336;113;20.471486864700054;0;0;231;0;109;0;1;0;72.66666666666667;0;0;0;0;4.222222222222222;0.4019345238095238;0.33035714285714285;0.5952380952380952;0;0;0;0;0;0;0;0;0;0;0;0;128.73828125;1.1151413;0;1248;2481.312987642183;0.5029595243387197;1174;834;506.98700172902073;351.3140764717154;163.15444444444452;729.8474098050546;108.80519220671812;16.130093791414083;8.806111111111477;80.38898268030562;0;0;0;0;0;0;0;0;0;0;0;0;-10152.03103519536;-10084.732741269541;-10827.93078717452;-9447.845483567125;0;417;0;0;834;5.784439416792357;5.583333333333333;4.564102564102564;7.205882352941177;4.144796380090498;4;2.8461538461538463;5.588235294117647;3.878749790514496;3.888888888888889;2.717948717948718;5.029411764705882;0;0;0;0;0;0;0;0;0.5576232576889308;0.5724270482890113;0.4787171797379309;0.6217255450398504;1;1;1;1;1;1;1;1;1;1;1;1;0;0;0;0;0;0;0;0;0;2.52;111;2532.1805627484823;0;0;0;0;115;7952.47249640353;5;63.36777777777778;1747.4421765253355;0.970801209180742;115;809.3798918227412;109;767.3573088207206;0;0;112;2352.4815800681827;5;87.6024385767504;343;6533.7196176413945;0;0;0;0;0.7075846999999993;9.847477578475347E-05;0.0878395000000001;892;0.001657187878787879;0.38281040000000005;231;1.2337662337662325E-06;0.0007599999999999993;616;0.0014873081081081083;0.16509120000000002;111;0.0014873081081081083;0.16509120000000002;111;1.195E-05;2.39E-05;2;9.773823933975237E-05;0.07105569999999997;727;;NaN;NaN;NaN;NaN;;NaN;NaN;NaN;NaN;PForO_-2.4695652173913043_6.302173913043478_27.4108695652174;-2.4695652173913043;6.302173913043478;27.4108695652174;NaN;;NaN;NaN;NaN;NaN;;NaN;NaN;NaN;NaN;;NaN;NaN;NaN;NaN;;NaN;NaN;NaN;NaN;1.005128205128205_-10480.241707393401;NaN;1.005128205128205;NaN;NaN;;NaN;NaN;NaN;NaN;;NaN;NaN;NaN;NaN;;;;;;
Weighted2;Weighted2;Weighted2;wmin;ppFARP2tt;taBA120fft9wcwwm;saAA;isEt0.8;psNt;rpD;obPMy;rbSPdf;mmNC;0;1800;1;6;84;1;3;1.5;6;2;0.1;12;1000;0;426;0;0;200;156;200;195.06451612903226;0;641;605;437;641;0;31;0;0;5542.57194577893;923.761990963155;5422;5644;874.040221244274;113.36436388729192;16.253876673838505;19.126409613251123;17.131728723738654;341;115;20.669769809644126;0;0;236;0;110;0;1;0;73.33333333333333;0;0;0;0;11.555555555555557;0.40446428571428567;0.33154761904761904;0.5952380952380952;0;0;0;0;0;0;0;0;0;0;0;0;138.8046875;1.2047623;0;1282;2487.31490870201;0.5154152357286371;1210;874;492.4635373071693;360;156.06305195909462;698.177207836379;98.7395521574971;17.187222222222246;12.24628430809355;76.05222222222221;0;0;0;0;0;0;0;0;0;0;0;0;-10184.393772178626;-10103.479956894324;-10798.046359303347;-9534.915211374202;0;437;0;0;874;5.9620614035087725;5.473684210526316;4.475;7.9375;4.3370614035087725;3.973684210526316;2.85;6.1875;4.101754385964912;3.6052631578947367;2.7;6;0;0;0;0;0;0;0;0;0.5452203023322472;0.5566079404590061;0.45900805697482916;0.6200449095629063;1;1;1;1;1;1;1;1;1;1;1;1;0;0;0;0;0;0;0;0;0;2.52;113;2632.421616032799;0;0;0;0;118;7864.1289179439955;5;58.73898268030176;1749.4250889961322;0.9719028272200735;118;822.7033117545703;112;788.2873232065667;0;0;113;2432.098917944;5;88.69507940557808;349;6426.0248843463805;0;0;0;0;0.8131264999999998;0.00010946460674157297;0.09742349999999994;890;0.0017915364406779666;0.42280260000000014;236;1.5481072555205013E-06;0.0009814999999999978;634;0.0018267654867256634;0.20642449999999996;113;0.0018267654867256634;0.20642449999999996;113;1.325E-05;2.65E-05;2;0.00011186452879581155;0.08546450000000003;764;;NaN;NaN;NaN;NaN;;NaN;NaN;NaN;NaN;PForO_-2.711864406779661_6.274011299435031_27.33898305084746;-2.711864406779661;6.274011299435031;27.33898305084746;NaN;;NaN;NaN;NaN;NaN;;NaN;NaN;NaN;NaN;;NaN;NaN;NaN;NaN;;NaN;NaN;NaN;NaN;0.9903381642512077_-10561.773243642941;NaN;0.9903381642512077;NaN;NaN;;NaN;NaN;NaN;NaN;;NaN;NaN;NaN;NaN;;;;;;
Weighted2;Weighted2;Weighted2;wr;ppFARP2tt;taBA120fft9wcwwm;saAA;isEt0.8;psNt;rpD;obPMy;rbSPdf;mmNC;0;1800;1;6;84;1;3;1.5;6;2;0.1;12;1000;0;420;0;0;200;182;200;198.90322580645162;0;606;572;404;606;0;24;0;0;5555.852739238393;925.9754565397321;5350;5698;882.3980795791905;129.63155244806754;16.10392098329969;19.317031433061235;17.062569651355712;345;117;20.672288944867535;0;0;238;0;112;0;1;0;74.66666666666667;0;0;0;0;4.222222222222222;0.40401785714285715;0.325;0.5952380952380952;0;0;0;0;0;0;0;0;0;0;0;0;141.67578125;1.1646865;0;1212;2468.7290415637617;0.4909408766999741;1144;808;505.40251436961427;383.16740980504727;153.6721284308091;733.5576839863651;114.57874614024868;16.681111111111136;8.469444444444491;83.21083692979397;0;0;0;0;0;0;0;0;0;0;0;0;-10137.903115931298;-10030.865964237599;-10769.853884366154;-9489.676185140119;0;404;0;0;808;5.441956241956242;5.297297297297297;4.8;6.228571428571429;3.8192728442728447;3.675675675675676;3.325;4.457142857142857;3.627799227799228;3.5405405405405403;3.2;4.142857142857143;0;0;0;0;0;0;0;0;0.5699161963775855;0.5818973144467056;0.5362552830356466;0.5915959916504043;1;1;1;1;1;1;1;1;1;1;1;1;0;0;0;0;0;0;0;0;0;2.52;114;2610.9324604388994;0;0;0;0;119;7876.33803757323;5;58.73898268030176;1747.878416335355;0.9710435646307528;119;830.9963637136484;114;798.7054329924407;0;0;115;2273.3784199318306;5;89.94137809949312;353;6555.5078859550185;0;0;0;0;0.7793389999999997;0.00011092232346241464;0.09738980000000005;878;0.001730904621848739;0.4119552999999999;238;1.3183361629881197E-06;0.0007765000000000024;589;0.0017425587719298251;0.19865170000000007;114;0.0017425587719298251;0.19865170000000007;114;1.1E-05;2.2E-05;2;9.866000000000002E-05;0.07054190000000002;715;;NaN;NaN;NaN;NaN;;NaN;NaN;NaN;NaN;PForO_-2.403361344537815_6.469187675070028_27.827731092436963;-2.403361344537815;6.469187675070028;27.827731092436963;NaN;;NaN;NaN;NaN;NaN;;NaN;NaN;NaN;NaN;;NaN;NaN;NaN;NaN;;NaN;NaN;NaN;NaN;0.9384615384615385_-10486.246666891957;NaN;0.9384615384615385;NaN;NaN;;NaN;NaN;NaN;NaN;;NaN;NaN;NaN;NaN;;;;;;
Weighted2;Weighted2;Weighted2;wr;ppFARP2tt;taBA120fft9wcwwm;saAA;isEt0.8;psNt;rpD;obPMy;rbSPdf;mmNC;0;1800;1;6;84;1;3;1.5;6;2;0.1;12;1000;0;429;0;0;200;111;200;181.29032258064515;0;728;689;485;728;0;80;0;0;4958.637197179272;826.4395328632121;4873;5110;788.2527284371853;182.49509259259023;16.31130656966866;20.702042914774278;17.100166087288944;304;102;20.846077934962178;0;0;207;0;98;0;1;0;65.33333333333333;0;0;0;0;1.5555555555555554;0.3632440476190476;0.26845238095238094;0.5952380952380952;0;0;0;0;0;0;0;0;0;0;0;0;140.6875;1.0440724;0;1456;2526.83172196381;0.57621565668347;1378;970;437.2101426025157;304.9900937914124;128.42647908384083;597.3272222222237;92.84611383332302;22.98009379141331;16.167222222222563;82.19676045808478;0;0;0;0;0;0;0;0;0;0;0;0;-10225.16116914777;-10154.9535191943;-10880.597909565795;-9520.99435096932;0;485;0;0;970;7.438933931343798;7.545454545454546;7.029411764705882;7.741935483870968;5.504360492975294;5.606060606060606;5.294117647058823;5.612903225806452;4.958100933433002;5.161290322580645;4.470588235294118;5.242424242424242;0;0;0;0;0;0;0;0;0.48398635427403264;0.49053540959482966;0.46925075362262847;0.49217289960463984;1;1;1;1;1;1;1;1;1;1;1;1;0;0;0;0;0;0;0;0;0;2.52;100;2317.255490535817;0;0;0;0;105;8184.357496403542;2;80.37417026312747;1750.2688311565598;0.9723715728647555;104;729.5339754873723;99;696.936204902522;0;0;101;2802.688953908618;2;71.12908366463286;310;6284.218939239342;0;0;0;0;0.6848975000000018;8.835226993865027E-05;0.07200709999999998;815;0.0018461236714975846;0.38214760000000003;207;9.533052039381185E-07;0.0006778000000000023;711;0.0015898050000000006;0.15898050000000005;100;0.0015898050000000006;0.15898050000000005;100;8.95E-06;1.79E-05;2;8.894355444305374E-05;0.07106589999999995;799;;NaN;NaN;NaN;NaN;;NaN;NaN;NaN;NaN;PForO_-3.219047619047619_5.96296296296296_28.231746031746017;-3.219047619047619;5.96296296296296;28.231746031746017;NaN;;NaN;NaN;NaN;NaN;;NaN;NaN;NaN;NaN;;NaN;NaN;NaN;NaN;;NaN;NaN;NaN;NaN;1.0808510638297872_-10587.778138257741;NaN;1.0808510638297872;NaN;NaN;;NaN;NaN;NaN;NaN;;NaN;NaN;NaN;NaN;;;;;;
Weighted2;Weighted2;Weighted2;wr;ppFARP2tt;taBA120fft9wcwwm;saAA;isEt0.8;psNt;rpD;obPMy;rbSPdf;mmNC;0;1800;1;6;84;1;3;1.5;6;2;0.1;12;1000;0;425;0;0;200;133;200;186.41935483870967;0;696;654;459;696;0;87;0;0;5149.400790430558;858.2334650717597;4970;5286;814.015752728942;143.71382995774164;16.504489712918456;20.51442538961413;17.75069789042679;312;104;22.66242715568164;0;0;212;0;100;0;1;0;66.66666666666667;0;0;0;0;11.555555555555557;0.3736607142857143;0.2845238095238095;0.5952380952380952;0;0;0;0;0;0;0;0;0;0;0;0;86.98046875;1.2195794;0;1392;2519.238770080644;0.5525478634783952;1308;918;424.1640301212843;287.17833333333334;127.70064934696813;577.208888888889;98.1602581045728;21.403607514650503;13.148795097473567;84.50490620858568;0;0;0;0;0;0;0;0;0;0;0;0;-10224.83031217218;-10151.24872780854;-10884.394282842051;-9566.629555315565;0;459;0;0;918;7.105043859649122;8.0625;5.052631578947368;8.2;5.17328216374269;5.78125;3.6052631578947367;6.133333333333334;4.684173976608187;5.34375;3.3421052631578947;5.366666666666666;0;0;0;0;0;0;0;0;0.5073524477709553;0.47617509222448107;0.4528575076240184;0.5930247434643665;1;1;1;1;1;1;1;1;1;1;1;1;0;0;0;0;0;0;0;0;0;2.52;103;2432.71394646026;0;0;0;0;107;8048.203816676246;2;80.37417026312747;1746.8196271894176;0.9704553484385653;106;746.1997330116095;101;710.9411111111141;0;0;103;2663.1599134015087;2;68.78702744648132;318;6374.724148428921;0;0;0;0;0.8332865000000002;0.00011628811659192812;0.10372899999999989;892;0.0021771471698113208;0.4615552;212;1.5541176470588186E-06;0.0010567999999999966;680;0.0017979485436893205;0.1851887;103;0.0017979485436893205;0.1851887;103;2.84E-05;5.68E-05;2;0.00010569081500646832;0.08169900000000001;773;;NaN;NaN;NaN;NaN;;NaN;NaN;NaN;NaN;PForO_-3.0841121495327104_6.260124610591901_28.53738317757009;-3.0841121495327104;6.260124610591901;28.53738317757009;NaN;;NaN;NaN;NaN;NaN;;NaN;NaN;NaN;NaN;;NaN;NaN;NaN;NaN;;NaN;NaN;NaN;NaN;1.0506912442396312_-10543.116847496549;NaN;1.0506912442396312;NaN;NaN;;NaN;NaN;NaN;NaN;;NaN;NaN;NaN;NaN;;;;;;
Weighted2;Weighted2;Weighted2;wr;ppFARP2tt;taBA120fft9wcwwm;saAA;isEt0.8;psNt;rpD;obPMy;rbSPdf;mmNC;0;1800;1;6;84;1;3;1.5;6;2;0.1;12;1000;0;416;0;0;200;99;200;181.5483870967742;0;733;693;484;733;0;43;0;0;5165.380292256223;860.8967153760372;5030;5298;813.043156539884;139.93797499840352;16.880327752471317;20.56321431635056;17.81933245363677;306;102;21.838428613978085;0;0;210;0;98;0;1;0;65.33333333333333;0;0;0;0;0.888888888888889;0.365029761904762;0.2755952380952381;0.5952380952380952;0;0;0;0;0;0;0;0;0;0;0;0;91.93359375;1.1689008;0;1466;2528.2439170314447;0.5798491158722194;1386;968;453.60525501062244;297.6253751656516;132.64481961009605;678.0755555555555;100.49356064947384;23.51777777777781;12.817316013635079;93.6020346393957;0;0;0;0;0;0;0;0;0;0;0;0;-10159.657434787607;-10074.186142774968;-10742.865295769745;-9505.04112775962;0;484;0;0;968;7.504289215686274;7.9375;6.294117647058823;8.28125;5.397671568627452;5.6875;4.411764705882353;6.09375;4.9546568627450975;5.1875;4.176470588235294;5.5;0;0;0;0;0;0;0;0;0.479156585746644;0.4573676688327906;0.43543105264254445;0.544671035764597;1;1;1;1;1;1;1;1;1;1;1;1;0;0;0;0;0;0;0;0;0;2.52;101;2402.058640738824;0;0;0;0;105;8107.7958585085335;4;58.30833333333334;1751.6424165412263;0.9731346758562368;104;732.1589682944605;100;698.8069480409079;0;0;101;2828.4798339959416;4;77.30195523383343;312;6233.9351270155485;0;0;0;0;0.8246360999999993;0.00010872306777645658;0.09143609999999998;841;0.002175583333333334;0.4568725000000001;210;1.1502785515320335E-06;0.0008259000000000001;718;0.001941935643564356;0.19613549999999996;101;0.001941935643564356;0.19613549999999996;101;8.1E-06;1.62E-05;2;9.968492462311558E-05;0.07934920000000001;796;;NaN;NaN;NaN;NaN;;NaN;NaN;NaN;NaN;PForO_-3.4095238095238094_5.941798941798942_28.96825396825397;-3.4095238095238094;5.941798941798942;28.96825396825397;NaN;;NaN;NaN;NaN;NaN;;NaN;NaN;NaN;NaN;;NaN;NaN;NaN;NaN;;NaN;NaN;NaN;NaN;1.0398230088495575_-10595.910410348073;NaN;1.0398230088495575;NaN;NaN;;NaN;NaN;NaN;NaN;;NaN;NaN;NaN;NaN;;;;;;
