#TimeStamp;Bot;Pod;InputStation;TurnoverTime;ThroughputTime
897.85;2;70;0;59.42;59.15
907.93;2;70;0;69.5;69.23
917.94;2;70;0;79.51;79.24
927.98;2;70;0;89.56;89.28
938.03;2;70;0;99.6;99.33
948.05;2;70;0;109.62;109.35
963.01;16;85;0;124.58;124.31
973.06;16;85;0;134.63;134.35
983.09;16;85;0;144.66;144.39
993.13;16;85;0;154.71;154.43
1003.13;16;85;0;164.71;164.43
1013.14;16;85;0;174.71;174.44
1028.18;17;102;0;189.75;189.48
1038.49;17;102;0;200.07;199.79
1048.54;17;102;0;210.11;209.84
1058.55;17;102;0;220.12;219.84
1068.56;17;102;0;230.13;229.86
1078.59;17;102;0;240.16;239.89
1093.93;8;105;0;255.5;185.95
1104.16;8;105;0;265.73;196.18
1114.2;8;105;0;275.78;206.23
1124.25;8;105;0;285.82;216.27
1134.29;8;105;0;295.87;226.32
1144.3;8;105;0;305.87;236.32
1158.56;2;108;0;320.13;185.46
1168.96;2;108;0;330.53;195.86
1178.98;2;108;0;340.55;205.88
1189.02;2;108;0;350.6;215.92
1199.07;2;108;0;360.64;225.97
1209.11;2;108;0;370.68;236.01
1224.06;12;7;0;385.63;385.35
1234.24;12;7;0;395.81;395.54
1244.28;12;7;0;405.86;405.58
1254.3;12;7;0;415.87;415.6
1264.34;12;7;0;425.92;425.64
1274.35;12;7;0;435.92;435.64
1289.59;11;57;0;451.16;450.89
1299.59;11;57;0;461.16;460.89
1309.6;11;57;0;471.17;470.89
1319.63;11;57;0;481.21;480.93
1329.66;11;57;0;491.23;490.96
1339.71;11;57;0;501.28;501
1354.26;16;112;0;515.83;315.72
1364.56;16;112;0;526.13;326.02
1374.57;16;112;0;536.14;336.03
1384.61;16;112;0;546.18;346.07
1394.65;16;112;0;556.23;356.12
1404.69;16;112;0;566.26;366.15
1420.14;9;28;0;581.71;581.44
1430.26;9;28;0;591.84;591.56
1440.3;9;28;0;601.87;601.6
1450.34;9;28;0;611.91;611.64
1460.39;9;28;0;621.96;621.68
1470.41;9;28;0;631.98;631.71
1486.22;17;118;0;647.8;382.02
1496.27;17;118;0;657.84;392.06
1506.31;17;118;0;667.88;402.11
1516.36;17;118;0;677.93;412.15
1526.4;17;118;0;687.97;422.19
1536.44;17;118;0;698.02;432.24
1551.3;8;3;0;712.87;712.6
1561.34;8;3;0;722.92;722.64
1571.39;8;3;0;732.96;732.69
1581.43;8;3;0;743.01;742.73
1591.48;8;3;0;753.05;752.78
1601.52;8;3;0;763.1;762.82
1615.48;2;88;0;777.05;776.78
1625.87;2;88;0;787.45;787.17
1635.92;2;88;0;797.49;797.22
1645.96;2;88;0;807.54;807.26
1656.01;2;88;0;817.58;817.31
1666.05;2;88;0;827.63;827.35
1680.48;12;147;0;842.05;380.85
1690.63;12;147;0;852.2;391
1700.68;12;147;0;862.25;401.04
1710.71;12;147;0;872.29;411.08
1720.74;12;147;0;882.31;421.1
1730.78;12;147;0;892.35;431.15
1745.75;11;6;0;907.32;907.05
1755.79;11;6;0;917.37;917.09
1765.84;11;6;0;927.41;927.14
1775.88;11;6;0;937.46;937.18
1785.9;11;6;0;947.48;947.2
1795.95;11;6;0;957.52;957.25
1810.99;16;153;0;972.56;380.68
1821.23;16;153;0;982.8;390.92
1831.26;16;153;0;992.83;400.95
1841.3;16;153;0;1002.88;411
1851.35;16;153;0;1012.92;421.04
1861.39;16;153;0;1022.97;431.09
1875.79;9;159;0;1037.37;379.48
1885.96;9;159;0;1047.54;389.65
1896.01;9;159;0;1057.58;399.7
1906.03;9;159;0;1067.6;409.72
1916.07;9;159;0;1077.65;419.76
1926.12;9;159;0;1087.69;429.81
1940.89;17;124;0;1102.47;771.89
1950.94;17;124;0;1112.51;781.94
1960.98;17;124;0;1122.56;791.98
1971.02;17;124;0;1132.6;802.02
1981.07;17;124;0;1142.64;812.06
1991.1;17;124;0;1152.68;822.1
2006.37;8;163;0;1167.94;380.45
2016.41;8;163;0;1177.99;390.5
2026.46;8;163;0;1188.03;400.54
2036.47;8;163;0;1198.04;410.55
2046.51;8;163;0;1208.09;420.6
2056.56;8;163;0;1218.13;430.64
2071.8;2;167;0;1233.37;381.12
2081.84;2;167;0;1243.42;391.17
2091.87;2;167;0;1253.45;401.2
2101.91;2;167;0;1263.49;411.24
2111.96;2;167;0;1273.53;421.28
2122;2;167;0;1283.58;431.33
2136.67;12;23;0;1298.24;1297.96
2147.02;12;23;0;1308.59;1308.32
2157.04;12;23;0;1318.61;1318.34
2167.09;12;23;0;1328.66;1328.38
2177.13;12;23;0;1338.7;1338.43
2187.17;12;23;0;1348.75;1348.47
2201.86;11;130;0;1363.44;967.58
2211.95;11;130;0;1373.52;977.67
2221.99;11;130;0;1383.56;987.71
2232.03;11;130;0;1393.61;997.75
2242.08;11;130;0;1403.65;1007.8
2252.12;11;130;0;1413.7;1017.84
2266.98;16;43;0;1428.55;1428.28
2277.14;16;43;0;1438.72;1438.44
2287.19;16;43;0;1448.76;1448.49
2297.23;16;43;0;1458.81;1458.53
2307.28;16;43;0;1468.85;1468.58
2317.32;16;43;0;1478.9;1478.62
2332.48;9;185;0;1494.05;381.49
2342.61;9;185;0;1504.19;391.63
2352.66;9;185;0;1514.23;401.67
2362.66;9;185;0;1524.24;411.68
2372.69;9;185;0;1534.26;421.71
2382.73;9;185;0;1544.31;431.75
2397.82;17;21;0;1559.39;1559.12
2407.86;17;21;0;1569.44;1569.16
2417.91;17;21;0;1579.48;1579.21
2427.94;17;21;0;1589.52;1589.24
2437.99;17;21;0;1599.56;1599.29
2448.03;17;21;0;1609.61;1609.33
2462.86;8;87;0;1624.43;1624.16
2473.09;8;87;0;1634.66;1634.39
2483.13;8;87;0;1644.7;1644.43
2493.15;8;87;0;1654.73;1654.45
2503.16;8;87;0;1664.73;1664.46
2513.2;8;87;0;1674.78;1674.5
2527.69;2;182;0;1689.26;641.68
2537.92;2;182;0;1699.49;651.91
2547.92;2;182;0;1709.5;661.91
2557.93;2;182;0;1719.5;671.92
2567.97;2;182;0;1729.54;681.96
2577.99;2;182;0;1739.57;691.99
2592.73;12;202;0;1754.03;415.55
2602.98;12;202;0;1764.28;425.8
2613.02;12;202;0;1774.32;435.85
2623.07;12;202;0;1784.36;445.89
2633.11;12;202;0;1794.41;455.94
2643.15;12;202;0;1804.45;465.98
2657.56;11;201;0;1818.86;415.44
2667.85;11;201;0;1829.15;425.73
2677.9;11;201;0;1839.2;435.78
2687.94;11;201;0;1849.24;445.82
2697.99;11;201;0;1859.28;455.86
2708.01;11;201;0;1869.31;465.89
2722.61;16;200;0;1883.91;415.29
2732.65;16;200;0;1893.95;425.33
2742.7;16;200;0;1904;435.38
2752.72;16;200;0;1914.01;445.39
2762.76;16;200;0;1924.06;455.44
2772.8;16;200;0;1934.1;465.48
2788.18;9;199;0;1949.48;415.44
2798.22;9;199;0;1959.52;425.49
2808.27;9;199;0;1969.57;435.53
2818.31;9;199;0;1979.61;445.58
2828.36;9;199;0;1989.65;455.62
2838.4;9;199;0;1999.7;465.67
2853.76;17;193;0;2015.06;415.72
2863.88;17;193;0;2025.18;425.85
2873.93;17;193;0;2035.5;435.89
2883.97;17;193;0;2045.54;445.94
2894.01;17;193;0;2055.31;455.98
2904.06;17;193;0;2065.36;466.03
2919.72;8;78;0;1543.18;416.52
2929.76;8;78;0;1553.22;426.56
2939.81;8;78;0;1563.27;436.61
2949.85;8;78;0;1573.31;446.65
2959.9;8;78;0;1583.36;456.69
2969.94;8;78;0;1593.4;466.74
2984.89;2;77;0;1608.36;416.88
2994.94;2;77;0;1618.4;426.93
3004.98;2;77;0;1628.44;436.97
3015.03;2;77;0;1638.49;447.01
3025.04;2;77;0;1648.5;457.03
3035.09;2;77;0;1658.55;467.07
3049.48;12;76;0;1672.94;416.32
3059.52;12;76;0;1682.99;426.37
3069.57;12;76;0;1693.03;436.41
3079.6;12;76;0;1703.06;446.44
3089.64;12;76;0;1713.1;456.49
3099.68;12;76;0;1723.15;466.53
3114.25;11;36;0;2275.83;2275.55
3124.62;11;36;0;2286.2;2285.92
3134.67;11;36;0;2296.24;2295.96
3144.71;11;36;0;2306.28;2306.01
3154.75;11;36;0;2316.33;2316.05
3164.8;11;36;0;2326.37;2326.1
3179.4;16;68;0;1802.86;416.6
3189.62;16;68;0;1813.08;426.81
3199.62;16;68;0;1823.08;436.82
3209.67;16;68;0;1833.13;446.86
3219.71;16;68;0;1843.17;456.91
3229.76;16;68;0;1853.22;466.95
3244.5;9;67;0;1867.97;416.1
3254.71;9;67;0;1878.18;426.31
3264.76;9;67;0;1888.22;436.36
3274.8;9;67;0;1898.26;446.4
3284.84;9;67;0;1908.3;456.44
3294.89;9;67;0;1918.35;466.49
3309.63;17;66;0;1933.09;415.57
3319.92;17;66;0;1943.38;425.86
3329.93;17;66;0;1953.39;435.87
3339.97;17;66;0;1963.43;445.91
3350;17;66;0;1973.46;455.94
3360;17;66;0;1983.46;465.94
3375.01;8;55;0;1998.47;415.07
3385.06;8;55;0;2008.52;425.11
3395.07;8;55;0;2018.54;435.13
3405.12;8;55;0;2028.58;445.18
3415.15;8;55;0;2038.61;455.21
3425.15;8;55;0;2048.61;465.21
3440.94;2;54;0;2064.4;415.85
3450.98;2;54;0;2074.44;425.9
3461.02;2;54;0;2084.48;435.94
3471.07;2;54;0;2094.53;445.98
3481.11;2;54;0;2104.57;456.02
3491.16;2;54;0;2114.62;466.07
3506.86;12;48;0;2130.32;417.17
3517.25;12;48;0;2140.71;427.56
3527.29;12;48;0;2150.75;437.61
3537.34;12;48;0;2160.8;447.65
3547.38;12;48;0;2170.84;457.7
3557.43;12;48;0;2180.89;467.74
3572.46;11;38;0;2195.92;417.66
3582.48;11;38;0;2205.94;427.68
3592.52;11;38;0;2215.99;437.73
3602.57;11;38;0;2226.03;447.77
3612.61;11;38;0;2236.07;457.82
3622.66;11;38;0;2246.12;467.86
3638.61;16;29;0;2262.07;418.85
3648.65;16;29;0;2272.11;428.9
3658.7;16;29;0;2282.16;438.94
3668.74;16;29;0;2292.2;448.99
3678.79;16;29;0;2302.25;459.03
3688.83;16;29;0;2312.29;469.07
3704.1;9;27;0;2327.56;419.22
3714.47;9;27;0;2337.94;429.59
3724.51;9;27;0;2347.97;439.62
3734.55;9;27;0;2358.01;449.66
3744.6;9;27;0;2368.06;459.71
3754.62;9;27;0;2378.08;469.74
3768.91;17;152;0;2930.49;2404.31
3779.28;17;152;0;2940.86;2414.68
3789.33;17;152;0;2950.9;2424.72
3799.37;17;152;0;2960.94;2434.77
3809.42;17;152;0;2970.99;2444.81
3819.46;17;152;0;2981.03;2454.86
3834.55;8;13;0;2458.01;419.36
3844.78;8;13;0;2468.24;429.59
3854.83;8;13;0;2478.29;439.63
3864.87;8;13;0;2488.33;449.68
3874.92;8;13;0;2498.38;459.72
3884.96;8;13;0;2508.42;469.77
3899.57;2;162;0;3061.14;2338.18
3909.74;2;162;0;3071.31;2348.35
3919.77;2;162;0;3081.35;2358.38
3929.82;2;162;0;3091.39;2368.43
3939.86;2;162;0;3101.43;2378.47
3949.91;2;162;0;3111.48;2388.52
3964.7;12;0;0;3126.28;3126
3974.91;12;0;0;3136.48;3136.21
3984.93;12;0;0;3146.5;3146.22
3994.97;12;0;0;3156.54;3156.27
4005.02;12;0;0;3166.59;3166.31
4015.06;12;0;0;3176.63;3176.36
4029.38;13;69;0;2599.08;426.77
4039.43;13;69;0;2609.12;436.81
4049.47;13;69;0;2619.16;446.86
4059.52;13;69;0;2629.21;456.9
4069.56;13;69;0;2639.25;466.95
4079.61;13;69;0;2649.3;476.99
4094.95;11;179;0;3256.52;2273.67
4105.02;11;179;0;3266.59;2283.74
4115.06;11;179;0;3276.64;2293.79
4125.11;11;179;0;3286.68;2303.83
4135.13;11;179;0;3296.71;2313.86
4145.18;11;179;0;3306.75;2323.9
4160.27;6;41;0;2663.96;491.48
4170.4;6;41;0;2674.09;501.61
4180.44;6;41;0;2684.13;511.66
4190.49;6;41;0;2694.18;521.7
4200.53;6;41;0;2704.22;531.75
4210.58;6;41;0;2714.27;541.79
4225.75;16;45;0;2664.36;491.15
4235.79;16;45;0;2674.4;501.19
4245.83;16;45;0;2684.45;511.24
4255.86;16;45;0;2694.47;521.26
4265.9;16;45;0;2704.51;531.31
4275.95;16;45;0;2714.56;541.35
4290.55;9;18;0;2664.64;491.14
4300.84;9;18;0;2674.92;501.42
4310.87;9;18;0;2684.96;511.46
4320.92;9;18;0;2695;521.5
4330.96;9;18;0;2705.05;531.55
4341.01;9;18;0;2715.09;541.59
4355.61;17;31;0;2664.94;490.7
4365.74;17;31;0;2675.06;500.82
4375.78;17;31;0;2685.1;510.86
4385.82;17;31;0;2695.15;520.91
4395.87;17;31;0;2705.19;530.95
4405.88;17;31;0;2715.21;540.97
4420.97;8;12;0;2665.14;491.11
4431.25;8;12;0;2675.41;501.39
4441.29;8;12;0;2685.46;511.43
4451.34;8;12;0;2695.5;521.48
4461.38;8;12;0;2705.55;531.52
4471.43;8;12;0;2715.59;541.57
4486.19;2;26;0;2664.92;491.18
4496.4;2;26;0;2675.13;501.39
4506.45;2;26;0;2685.17;511.43
4516.49;2;26;0;2695.22;521.48
4526.54;2;26;0;2705.26;531.52
4536.58;2;26;0;2715.31;541.57
4550.82;12;30;0;2664.82;491.26
4560.97;12;30;0;2674.96;501.41
4571.02;12;30;0;2685.01;511.46
4581.06;12;30;0;2695.05;521.5
4591.11;12;30;0;2705.1;531.55
4601.15;12;30;0;2715.14;541.59
4615.67;13;1;0;2664.69;490.52
4625.82;13;1;0;2674.84;500.67
4635.86;13;1;0;2684.88;510.71
4645.89;13;1;0;2694.91;520.74
4655.94;13;1;0;2704.95;530.78
4665.98;13;1;0;2715;540.83
4680.84;11;7;0;2674.43;490.31
4690.91;11;7;0;2684.49;500.37
4700.95;11;7;0;2694.54;510.42
4711;11;7;0;2704.58;520.46
4721.04;11;7;0;2714.63;530.51
4731.09;11;7;0;2674.48;540.55
4746.09;6;39;0;2634.08;490.18
4756.31;6;39;0;2644.31;500.41
4766.36;6;39;0;2709.76;510.46
4776.4;6;39;0;2719.8;520.5
4786.45;6;39;0;2729.84;530.55
4796.48;6;39;0;2739.88;540.58
4811.92;16;5;0;2634.75;490.96
4822;16;5;0;2644.83;501.04
4832.04;16;5;0;2720.04;511.08
4842.09;16;5;0;2730.09;521.13
4852.1;16;5;0;2740.09;531.13
4862.14;16;5;0;2684.97;541.18
4876.36;9;178;0;4037.94;3120.52
4886.76;9;178;0;4048.33;3130.92
4896.8;9;178;0;4058.38;3140.96
4906.85;9;178;0;4068.42;3151.01
4916.89;9;178;0;4078.46;3161.05
4926.94;9;178;0;4088.51;3171.1
4941.98;17;11;0;2634.66;490.6
4951.99;17;11;0;2644.67;500.61
4962.03;17;11;0;2719.91;510.65
4972.08;17;11;0;2729.95;520.69
4982.12;17;11;0;2740;530.74
4992.17;17;11;0;2684.84;540.78
5007.38;8;25;0;2634.64;490.84
5017.59;8;25;0;2644.85;501.05
5027.63;8;25;0;2720.31;511.09
5037.63;8;25;0;2730.31;521.1
5047.68;8;25;0;2740.35;531.14
5057.72;8;25;0;2684.99;541.19
5072.21;2;42;0;2634.18;491.1
5082.51;2;42;0;2644.48;501.4
5092.55;2;42;0;2719.82;511.45
5102.6;2;42;0;2729.86;521.49
5112.64;2;42;0;2739.91;531.54
5122.69;2;42;0;2684.65;541.58
5137.78;12;44;0;2634.57;491.84
5147.82;12;44;0;2644.62;501.88
5157.86;12;44;0;2719.83;511.93
5167.91;12;44;0;2729.88;521.97
5177.95;12;44;0;2739.92;532.02
5188;12;44;0;2684.8;542.06
5202.44;13;20;0;2634.43;491.4
5212.49;13;20;0;2644.47;501.44
5222.53;13;20;0;2719.33;511.49
5232.57;13;20;0;2729.37;521.53
5242.61;13;20;0;2739.41;531.57
5252.65;13;20;0;2684.64;541.61
5266.83;11;10;0;2633.68;490.38
5277.04;11;10;0;2643.89;500.6
5287.09;11;10;0;2719.08;510.64
5297.09;11;10;0;2729.08;520.64
5307.14;11;10;0;2739.12;530.69
5317.15;11;10;0;2684;540.71
5331.81;6;51;0;2633.78;489.68
5341.97;6;51;0;2643.94;499.83
5352.01;6;51;0;2718.86;509.88
5362.05;6;51;0;2728.9;519.92
5372.1;6;51;0;2738.94;529.97
5382.11;6;51;0;2684.08;539.97
5396.69;16;8;0;2633.88;489.8
5406.93;16;8;0;2644.13;500.04
5416.97;16;8;0;2718.94;510.08
5427.02;16;8;0;2728.99;520.13
5437.06;16;8;0;2739.03;530.17
5447.11;16;8;0;2684.3;540.22
5462.72;9;14;0;2634.32;490.6
5472.75;9;14;0;2644.35;500.63
5482.8;9;14;0;2719.99;510.67
5492.84;9;14;0;2730.03;520.72
5502.88;9;14;0;2740.08;530.76
5512.93;9;14;0;2684.53;540.81
5527.71;17;21;0;2633.65;490.03
5537.75;17;21;0;2643.69;500.07
5547.79;17;21;0;2719.39;510.12
5557.84;17;21;0;2729.44;520.16
5567.88;17;21;0;2739.48;530.21
5577.93;17;21;0;2683.87;540.25
5592.54;8;32;0;2632.6;489.9
5602.79;8;32;0;2642.85;500.15
5612.83;8;32;0;2718.77;510.19
5622.87;8;32;0;2728.81;520.23
5632.88;8;32;0;2738.82;530.23
5642.92;8;32;0;2682.98;540.28
5658.01;2;47;0;2632.93;490.06
5668.42;2;47;0;2643.34;500.47
5678.47;2;47;0;2718.53;510.51
5688.51;2;47;0;2728.57;520.56
5698.56;2;47;0;2738.62;530.6
5708.6;2;47;0;2683.51;540.65
5723.36;12;6;0;2633.67;490.74
5733.4;12;6;0;2643.72;500.78
5743.45;12;6;0;2718.36;510.83
5753.49;12;6;0;2728.4;520.87
5763.54;12;6;0;2738.45;530.92
5773.58;12;6;0;2683.9;540.96
5788.82;13;19;0;2634.02;491.69
5799.01;13;19;0;2644.21;501.87
5809.05;13;19;0;2719.37;511.92
5819.1;13;19;0;2729.41;521.96
5829.14;13;19;0;2739.46;532.01
5839.19;13;19;0;2684.39;542.05
5853.8;11;52;0;2634.05;491.7
5863.92;11;52;0;2644.16;501.82
5873.96;11;52;0;2719.16;511.86
5884.01;11;52;0;2729.21;521.91
5894.05;11;52;0;2739.25;531.95
5904.08;11;52;0;2684.32;541.98
5919.19;6;9;0;2634.3;492.12
5929.25;6;9;0;2644.36;502.18
5939.29;6;9;0;2719.54;512.23
5949.34;6;9;0;2729.58;522.27
5959.38;6;9;0;2739.62;532.32
5969.43;6;9;0;2684.54;542.36
5984.07;16;3;0;2634.03;491.19
5994.3;16;3;0;2644.26;501.42
6004.32;16;3;0;2719.44;511.44
6014.37;16;3;0;2729.48;521.48
6024.41;16;3;0;2739.53;531.53
6034.46;16;3;0;2684.41;541.57
6049.1;9;22;0;2633.91;491.22
6059.12;9;22;0;2643.93;501.24
6069.17;9;22;0;2719.12;511.28
6079.2;9;22;0;2729.16;521.32
6089.24;9;22;0;2739.2;531.36
6099.27;9;22;0;2684.08;541.39
6114.41;17;24;0;2643.29;491.49
6124.66;17;24;0;2653.55;501.75
6134.7;17;24;0;2719.51;511.79
6144.75;17;24;0;2729.56;521.84
6154.79;17;24;0;2739.6;531.88
6164.81;17;24;0;2693.7;541.9
6179.52;8;28;0;2642.14;490.97
6189.81;8;28;0;2652.43;501.25
6199.85;8;28;0;2728.74;511.29
6209.89;8;28;0;2738.78;521.34
6219.94;8;28;0;2682.55;531.38
6229.98;8;28;0;2692.6;541.42
6244.68;2;15;0;4868.14;2894.63
6254.91;2;15;0;4878.37;2904.87
6264.95;2;15;0;4888.41;2914.91
6275;2;15;0;4898.46;2924.95
6285;2;15;0;4908.46;2934.96
6295.04;2;15;0;4918.51;2945
6309.62;12;4;0;2640.83;490.48
6319.89;12;4;0;2651.1;500.74
6329.93;12;4;0;2727.32;510.79
6339.97;12;4;0;2737.35;520.83
6350.01;12;4;0;2681.23;530.87
6360.06;12;4;0;2691.27;540.91
6375.15;13;23;0;2640.55;491.09
6385.55;13;23;0;2650.96;501.5
6395.6;13;23;0;2726.81;511.54
6405.64;13;23;0;2736.85;521.59
6415.68;13;23;0;2681.08;531.63
6425.73;13;23;0;2691.13;541.67
6440.44;11;17;0;2641.03;491.06
6450.76;11;17;0;2651.34;501.38
6460.8;11;17;0;2726.21;511.42
6470.85;11;17;0;2736.25;521.47
6480.89;11;17;0;2681.48;531.51
6490.94;11;17;0;2691.52;541.56
6505.48;6;35;0;2640.56;491.07
6515.68;6;35;0;2650.76;501.27
6525.72;6;35;0;2726.31;511.31
6535.77;6;35;0;2736.35;521.36
6545.81;6;35;0;2680.9;531.4
6555.86;6;35;0;2690.94;541.44
6570.35;16;43;0;2640.49;491.11
6580.7;16;43;0;2650.84;501.46
6590.74;16;43;0;2725.83;511.5
6600.79;16;43;0;2735.87;521.55
6610.83;16;43;0;2680.97;531.59
6620.88;16;43;0;2691.02;541.63
6635.01;9;49;0;2640;490.22
6645.38;9;49;0;2650.36;500.59
6655.42;9;49;0;2725.56;510.63
6665.46;9;49;0;2735.6;520.67
6675.51;9;49;0;2680.49;530.72
6685.55;9;49;0;2690.54;540.76
6701.86;17;50;0;2642.3;491.92
6712;17;50;0;2652.44;502.06
6722.04;17;50;0;2727.03;512.11
6732.09;17;50;0;2737.07;522.15
6742.13;17;50;0;2682.57;532.2
6752.18;17;50;0;2692.62;542.24
6766.55;8;53;0;2641.4;491.51
6776.86;8;53;0;2651.71;501.82
6786.9;8;53;0;2727.34;511.86
6796.94;8;53;0;2737.38;521.9
6806.98;8;53;0;2681.83;531.94
6817.03;8;53;0;2691.88;541.99
6832.12;2;56;0;2641.58;492.11
6842.33;2;56;0;2651.79;502.31
6852.37;2;56;0;2727.22;512.36
6862.42;2;56;0;2737.27;522.4
6872.46;2;56;0;2681.93;532.45
6882.51;2;56;0;2691.97;542.49
6897.18;12;57;0;2641.28;491.5
6907.51;12;57;0;2651.61;501.82
6917.55;12;57;0;2727.02;511.87
6927.6;12;57;0;2737.06;521.91
6937.64;12;57;0;2681.74;531.96
6947.69;12;57;0;2691.78;542
6962.46;13;58;0;2641.49;491.56
6972.5;13;58;0;2651.54;501.61
6982.54;13;58;0;2726.64;511.65
6992.59;13;58;0;2736.69;521.7
7002.63;13;58;0;2681.67;531.74
7012.68;13;58;0;2691.71;541.79
7027.24;11;59;0;2641.37;491.43
7037.28;11;59;0;2651.41;501.47
7047.33;11;59;0;2726.36;511.52
7057.37;11;59;0;2736.41;521.56
7067.42;11;59;0;2681.55;531.6
7077.43;11;59;0;2691.56;541.62
7092.56;6;60;0;2641.18;491.73
7102.61;6;60;0;2651.22;501.77
7112.65;6;60;0;2726.78;511.82
7122.7;6;60;0;2736.83;521.86
7132.71;6;60;0;2681.33;531.88
7142.76;6;60;0;2691.38;541.93
7157.31;16;61;0;2640.78;491.8
7167.36;16;61;0;2650.82;501.85
7177.4;16;61;0;2726.02;511.89
7187.45;16;61;0;2736.06;521.94
7197.49;16;61;0;2680.95;531.98
7207.51;16;61;0;2690.98;542.01
7222.6;9;62;0;2641.5;490.47
7232.84;9;62;0;2651.73;500.71
7242.88;9;62;0;2726.35;510.75
7252.93;9;62;0;2736.39;520.8
7262.97;9;62;0;2681.87;530.84
7273.02;9;62;0;2691.91;540.88
7288.02;17;63;0;2642.09;491.04
7298.43;17;63;0;2652.49;501.44
7308.47;17;63;0;2727.36;511.49
7318.51;17;63;0;2737.41;521.53
7328.56;17;63;0;2682.62;531.57
7338.6;17;63;0;2692.67;541.62
7352.93;8;84;0;5976.39;3815.55
7362.98;8;84;0;5986.44;3825.59
7373.02;8;84;0;5996.48;3835.64
7383.06;8;84;0;6006.53;3845.68
7393.11;8;84;0;6016.57;3855.73
7403.15;8;84;0;6026.61;3865.77
7418.71;2;65;0;2642.26;491.06
7429.08;2;65;0;2652.63;501.43
7439.12;2;65;0;2728.08;511.48
7449.16;2;65;0;2738.12;521.52
7459.21;2;65;0;2682.76;531.57
7469.25;2;65;0;2692.81;541.61
7483.6;12;70;0;2641.46;490.96
7493.97;12;70;0;2651.84;501.34
7503.98;12;70;0;2727.53;511.34
7514.02;12;70;0;2737.57;521.39
7524.07;12;70;0;2681.93;531.43
7534.07;12;70;0;2691.94;541.44
7549.28;13;71;0;2642.39;491.86
7559.29;13;71;0;2652.4;501.88
7569.34;13;71;0;2727.21;511.92
7579.38;13;71;0;2737.25;521.97
7589.43;13;71;0;2682.54;532.01
7599.47;13;71;0;2692.58;542.06
7614.34;11;72;0;2642.22;491.6
7624.51;11;72;0;2652.39;501.77
7634.55;11;72;0;2727.66;511.81
7644.6;11;72;0;2737.71;521.86
7654.64;11;72;0;2682.52;531.9
7664.69;11;72;0;2692.56;541.95
7680;6;73;0;2642.32;492.51
7690.24;6;73;0;2652.56;502.75
7700.28;6;73;0;2728.16;512.79
7710.33;6;73;0;2738.2;522.84
7720.37;6;73;0;2682.69;532.88
7730.41;6;73;0;2692.74;542.92
7745.82;16;74;0;2643.18;492.85
7755.87;16;74;0;2653.22;502.89
7765.91;16;74;0;2728.23;512.94
7775.96;16;74;0;2738.28;522.98
7786;16;74;0;2683.36;533.03
7796.04;16;74;0;2693.4;543.07
7810.65;9;78;0;2642.69;492.09
7821.01;9;78;0;2653.06;502.45
7831.06;9;78;0;2728.41;512.5
7841.1;9;78;0;2738.46;522.54
7851.15;9;78;0;2683.19;532.59
7861.19;9;78;0;2693.24;542.63
7875.85;17;79;0;2643.23;492.74
7885.98;17;79;0;2653.36;502.87
7896.02;17;79;0;2728.07;512.91
7906.07;17;79;0;2738.11;522.96
7916.08;17;79;0;2683.46;532.97
7926.13;17;79;0;2693.51;543.02
7940.93;8;80;0;2643.79;491.72
7951.02;8;80;0;2653.88;501.81
7961.06;8;80;0;2728.44;511.85
7971.1;8;80;0;2738.49;521.9
7981.15;8;80;0;2684.01;531.94
7991.19;8;80;0;2694.06;541.98
8006.29;2;81;0;2644.19;492.22
8016.33;2;81;0;2654.23;502.27
8026.37;2;81;0;2729.24;512.31
8036.42;2;81;0;2739.28;522.35
8046.46;2;81;0;2684.36;532.4
8056.51;2;81;0;2694.41;542.44
8071.55;12;82;0;2644.49;492.12
8081.6;12;82;0;2654.53;502.17
8091.64;12;82;0;2729.54;512.21
8101.69;12;82;0;2739.59;522.26
8111.73;12;82;0;2684.67;532.3
8121.77;12;82;0;2694.71;542.35
8136.69;13;83;0;2643.8;492.04
8146.8;13;83;0;2653.92;502.16
8156.85;13;83;0;2729.79;512.21
8166.89;13;83;0;2739.83;522.25
8176.94;13;83;0;2684.05;532.3
8186.98;13;83;0;2694.1;542.34
8201.94;11;85;0;2644.05;491.57
8212.01;11;85;0;2654.13;501.64
8222.06;11;85;0;2729.17;511.69
8232.1;11;85;0;2739.22;521.73
8242.15;11;85;0;2684.26;531.78
8252.19;11;85;0;2694.31;541.82
8267.17;6;86;0;2644.26;491.17
8277.22;6;86;0;2654.3;501.22
8287.26;6;86;0;2729.38;511.26
8297.31;6;86;0;2739.42;521.31
8307.35;6;86;0;2684.44;531.35
8317.39;6;86;0;2694.48;541.4
8332.48;16;87;0;2643.93;491.34
8342.53;16;87;0;2653.97;501.38
8352.57;16;87;0;2729.66;511.43
8362.58;16;87;0;2739.67;521.43
8372.63;16;87;0;2684.07;531.48
8382.67;16;87;0;2694.11;541.52
8397.51;9;88;0;2643.97;491.4
8407.55;9;88;0;2654.01;501.44
8417.59;9;88;0;2729.04;511.48
8427.64;9;88;0;2739.08;521.53
8437.68;9;88;0;2684.15;531.57
8447.73;9;88;0;2694.19;541.62
8462.71;17;89;0;2643.57;491.56
8472.75;17;89;0;2653.61;501.61
8482.8;17;89;0;2729.26;511.65
8492.84;17;89;0;2739.31;521.69
8502.89;17;89;0;2683.75;531.74
8512.93;17;89;0;2693.79;541.78
8528.02;8;90;0;2643.97;491.56
8538.07;8;90;0;2654.02;501.6
8548.11;8;90;0;2728.97;511.65
8558.16;8;90;0;2739.01;521.69
8568.16;8;90;0;2684.11;531.7
8578.2;8;90;0;2694.15;541.74
8593.18;2;91;0;2643.8;491.45
8603.22;2;91;0;2653.84;501.49
8613.26;2;91;0;2729.21;511.53
8623.31;2;91;0;2739.26;521.58
8633.31;2;91;0;2683.93;531.58
8643.35;2;91;0;2693.97;541.62
8658.01;12;92;0;2643.6;491.08
8668.06;12;92;0;2653.65;501.12
8678.11;12;92;0;2728.72;511.17
8688.15;12;92;0;2738.77;521.21
8698.19;12;92;0;2683.78;531.26
8708.24;12;92;0;2693.83;541.3
8723.89;13;93;0;2644.65;491.75
8733.94;13;93;0;2654.69;501.79
8743.98;13;93;0;2729.57;511.84
8754.03;13;93;0;2739.61;521.88
8764.07;13;93;0;2684.83;531.92
8774.11;13;93;0;2694.87;541.97
8789.25;11;94;0;2644.46;491.9
8799.37;11;94;0;2654.57;502.02
8809.41;11;94;0;2730.17;512.06
8819.46;11;94;0;2740.21;522.11
8829.5;11;94;0;2684.71;532.15
8839.5;11;94;0;2694.71;542.15
8855.01;6;95;0;2645.07;492.39
8865.1;6;95;0;2655.16;502.47
8875.14;6;95;0;2730.35;512.52
8885.19;6;95;0;2740.4;522.56
8895.23;6;95;0;2685.3;532.61
8905.28;6;95;0;2695.34;542.65
8919.97;16;96;0;2644.93;492.29
8930.02;16;96;0;2654.98;502.33
8940.06;16;96;0;2730.12;512.38
8950.11;16;96;0;2740.17;522.42
8960.15;16;96;0;2685.11;532.47
8970.19;16;96;0;2695.15;542.51
8985.81;9;97;0;2645.8;492.92
8995.86;9;97;0;2655.84;502.97
9005.9;9;97;0;2730.86;513.01
9015.94;9;97;0;2740.9;523.06
9025.99;9;97;0;2685.98;533.1
9036.03;9;97;0;2696.02;543.15
9050.79;17;98;0;2645.1;492.58
9060.83;17;98;0;2655.15;502.63
9070.87;17;98;0;2730.86;512.67
9080.92;17;98;0;2740.91;522.72
9090.96;17;98;0;2685.28;532.76
9101.01;17;98;0;2695.32;542.81
9115.66;8;99;0;2644.77;492.31
9125.85;8;99;0;2654.96;502.5
9135.9;8;99;0;2730.21;512.54
9145.94;8;99;0;2740.26;522.59
9155.98;8;99;0;2685.09;532.63
9166;8;99;0;2695.11;542.65
9180.42;2;100;0;2644.61;492.22
9190.74;2;100;0;2654.93;502.55
9200.79;2;100;0;2729.89;512.59
9210.83;2;100;0;2739.94;522.64
9220.87;2;100;0;2685.06;532.68
9230.92;2;100;0;2695.11;542.72
9245.47;12;101;0;2644.64;491.4
9255.51;12;101;0;2654.68;501.44
9265.56;12;101;0;2729.75;511.49
9275.6;12;101;0;2739.79;521.53
9285.65;12;101;0;2684.81;531.58
9295.68;12;101;0;2694.85;541.61
9310.77;13;102;0;2645.26;491.27
9320.87;13;102;0;2655.36;501.37
9330.91;13;102;0;2730.08;511.41
9340.96;13;102;0;2740.12;521.46
9350.98;13;102;0;2685.47;531.48
9360.99;13;102;0;2695.49;541.49
9375.97;11;103;0;2643.84;490.74
9386.07;11;103;0;2653.93;500.84
9396.11;11;103;0;2730.6;510.88
9406.16;11;103;0;2740.65;520.92
9416.2;11;103;0;2684.06;530.96
9426.24;11;103;0;2694.11;541.01
9441.33;6;104;0;2644.34;491.18
9451.45;6;104;0;2654.46;501.3
9461.49;6;104;0;2729.36;511.34
9471.54;6;104;0;2739.4;521.39
9481.58;6;104;0;2684.6;531.43
9491.63;6;104;0;2694.64;541.48
9506.4;16;105;0;2643.94;490.41
9516.45;16;105;0;2653.99;500.46
9526.49;16;105;0;2729.51;510.5
9536.51;16;105;0;2739.52;520.52
9546.55;16;105;0;2684.09;530.56
9556.57;16;105;0;2694.11;540.58
9571.66;9;106;0;2644.01;490.69
9581.81;9;106;0;2654.17;500.85
9591.86;9;106;0;2729.4;510.89
9601.9;9;106;0;2739.44;520.94
9611.95;9;106;0;2684.3;530.98
9621.98;9;106;0;2694.34;541.02
9636.61;17;107;0;2643.97;490.62
9646.85;17;107;0;2654.22;500.86
9656.89;17;107;0;2729.25;510.91
9666.93;17;107;0;2739.29;520.94
9676.97;17;107;0;2684.34;530.99
9686.98;17;107;0;2694.34;540.99
9701.57;8;108;0;2644.15;490.69
9711.81;8;108;0;2654.4;500.94
9721.86;8;108;0;2729.23;510.99
9731.9;8;108;0;2739.27;521.03
9741.95;8;108;0;2684.53;531.07
9751.99;8;108;0;2694.58;541.12
9767.28;2;109;0;2644.54;491.63
9777.52;2;109;0;2654.78;501.87
9787.56;2;109;0;2730.15;511.92
9797.61;2;109;0;2740.19;521.96
9807.65;2;109;0;2684.91;532.01
9817.67;2;109;0;2694.93;542.02
9832.83;12;110;0;2645.34;491.83
9842.87;12;110;0;2655.38;501.87
9852.92;12;110;0;2730.18;511.91
9862.96;12;110;0;2740.22;521.96
9873;12;110;0;2685.51;532
9883.05;12;110;0;2695.56;542.05
9897.97;13;111;0;2645;491.77
9908.12;13;111;0;2655.15;501.92
9918.17;13;111;0;2730.68;511.97
9928.21;13;111;0;2740.72;522.01
9938.26;13;111;0;2685.28;532.06
9948.3;13;111;0;2695.33;542.1
9962.81;11;112;0;2644.25;491.23
9972.95;11;112;0;2654.39;501.37
9982.97;11;112;0;2730;511.39
9993.02;11;112;0;2740.04;521.43
10003.06;11;112;0;2684.5;531.48
10013.11;11;112;0;2694.55;541.52
10028.19;6;113;0;2645.09;491.64
10038.52;6;113;0;2655.41;501.96
10048.56;6;113;0;2730;512.01
10058.61;6;113;0;2740.05;522.05
10068.65;6;113;0;2685.54;532.1
10078.69;6;113;0;2695.59;542.14
10093.61;16;114;0;2644.4;491.66
10103.65;16;114;0;2654.45;501.71
10113.7;16;114;0;2730.59;511.75
10123.74;16;114;0;2740.63;521.8
10133.79;16;114;0;2684.58;531.84
10143.83;16;114;0;2694.62;541.89
10158.96;9;115;0;2644.9;491.99
10169.01;9;115;0;2654.94;502.04
10179.05;9;115;0;2729.84;512.08
10189.1;9;115;0;2739.89;522.12
10199.14;9;115;0;2685.08;532.17
10209.19;9;115;0;2695.12;542.21
10224.28;17;116;0;2644.85;492.33
10234.33;17;116;0;2654.91;502.39
10244.38;17;116;0;2730.31;512.43
10254.42;17;116;0;2740.36;522.47
10264.47;17;116;0;2685.04;532.52
10274.51;17;116;0;2695.08;542.56
10289.88;8;117;0;2645.24;492.23
10299.88;8;117;0;2655.24;502.23
10309.89;8;117;0;2730.46;512.24
10319.94;8;117;0;2740.51;522.28
10329.94;8;117;0;2685.3;532.29
10339.99;8;117;0;2695.35;542.33
10355.02;2;118;0;2644.65;492.02
10365.04;2;118;0;2654.67;502.04
10375.05;2;118;0;2730.4;512.04
10385.09;2;118;0;2740.45;522.08
10395.13;2;118;0;2684.76;532.13
10405.18;2;118;0;2694.81;542.17
10419.59;12;119;0;2643.59;491.34
10429.78;12;119;0;2653.78;501.52
10439.82;12;119;0;2729.45;511.57
10449.87;12;119;0;2739.5;521.61
10459.91;12;119;0;2683.91;531.66
10469.96;12;119;0;2693.96;541.7
10484.71;13;120;0;2643.56;491.65
10494.82;13;120;0;2653.68;501.76
10504.87;13;120;0;2728.87;511.81
10514.91;13;120;0;2738.91;521.85
10524.96;13;120;0;2683.81;531.9
10535;13;120;0;2693.85;541.94
10550.13;11;121;0;2644.02;491.48
10560.18;11;121;0;2654.07;501.53
10570.22;11;121;0;2729.08;511.57
10580.27;11;121;0;2739.12;521.62
10590.28;11;121;0;2684.17;531.63
10600.32;11;121;0;2694.21;541.67
10615.45;6;122;0;2644.3;491.66
10625.5;6;122;0;2654.35;501.71
10635.54;6;122;0;2729.43;511.75
10645.58;6;122;0;2739.47;521.8
10655.63;6;122;0;2684.48;531.84
10665.67;6;122;0;2694.52;541.89
10680.26;16;123;0;2643.79;491.12
10690.58;16;123;0;2654.12;501.44
10700.63;16;123;0;2729.48;511.49
10710.67;16;123;0;2739.52;521.53
10720.72;16;123;0;2684.25;531.58
10730.76;16;123;0;2694.3;541.62
10745.85;9;124;0;2644.12;491.38
10755.9;9;124;0;2654.17;501.43
10765.94;9;124;0;2729.48;511.48
10775.96;9;124;0;2739.5;521.49
10786;9;124;0;2684.27;531.54
10796.02;9;124;0;2694.29;541.55
10810.52;17;125;0;2643.58;490.54
10820.82;17;125;0;2653.88;500.84
10830.83;17;125;0;2729.1;510.85
10840.87;17;125;0;2739.14;520.89
10850.92;17;125;0;2683.98;530.94
10860.96;17;125;0;2694.02;540.98
10876.1;8;64;0;6165.06;4013.64
10886.14;8;64;0;6175.1;4023.68
10896.19;8;64;0;6250.25;4033.72
10906.23;8;64;0;6260.29;4043.77
10916.27;8;64;0;6205.23;4053.81
10926.32;8;64;0;6215.28;4063.86
10941.18;2;127;0;2643.83;491.27
10951.31;2;127;0;2653.96;501.39
10961.35;2;127;0;2729.21;511.44
10971.4;2;127;0;2739.25;521.48
10981.44;2;127;0;2684.09;531.53
10991.49;2;127;0;2694.13;541.57
11006.11;12;128;0;2643.48;491.15
11016.15;12;128;0;2653.52;501.19
11026.17;12;128;0;2728.82;511.22
11036.21;12;128;0;2738.86;521.25
11046.24;12;128;0;2683.62;531.29
11056.26;12;128;0;2693.63;541.3
11071.73;13;129;0;2644.05;491.42
11081.78;13;129;0;2654.09;501.47
11091.82;13;129;0;2729.2;511.51
11101.87;13;129;0;2739.24;521.55
11111.91;13;129;0;2684.23;531.6
11121.95;13;129;0;2694.27;541.64
11137.28;11;130;0;2644.39;491.65
11147.32;11;130;0;2654.43;501.69
11157.37;11;130;0;2729.68;511.74
11167.41;11;130;0;2739.73;521.78
11177.45;11;130;0;2684.57;531.83
11187.5;11;130;0;2694.61;541.87
11202.6;6;131;0;2644.39;491.88
11212.79;6;131;0;2654.59;502.08
11222.84;6;131;0;2729.95;512.12
11232.88;6;131;0;2739.99;522.16
11242.92;6;131;0;2684.72;532.2
11252.96;6;131;0;2694.76;542.25
11267.8;16;132;0;2644.45;491.8
11278.01;16;132;0;2654.66;502.01
11288.06;16;132;0;2729.86;512.05
11298.1;16;132;0;2739.9;522.1
11308.11;16;132;0;2684.76;532.11
11318.15;16;132;0;2694.79;542.14
11332.82;9;133;0;2644.63;491.91
11342.95;9;133;0;2654.75;502.03
11352.99;9;133;0;2729.64;512.08
11363.04;9;133;0;2739.68;522.12
11373.08;9;133;0;2684.89;532.16
11383.13;9;133;0;2694.93;542.21
11398.08;17;134;0;2644.01;491.8
11408.47;17;134;0;2654.4;502.19
11418.51;17;134;0;2730.32;512.24
11428.55;17;134;0;2740.36;522.28
11438.6;17;134;0;2684.53;532.32
11448.64;17;134;0;2694.57;542.37
11463.23;8;135;0;2643.73;491.78
11473.48;8;135;0;2653.98;502.04
11483.53;8;135;0;2729.46;512.09
11493.57;8;135;0;2739.49;522.12
11503.61;8;135;0;2684.11;532.17
11513.65;8;135;0;2694.15;542.21
11528.25;2;136;0;2643.02;492
11538.29;2;136;0;2653.06;502.04
11548.34;2;136;0;2728.84;512.09
11558.38;2;136;0;2738.88;522.13
11568.4;2;136;0;2683.16;532.15
11578.44;2;136;0;2693.21;542.19
11593.27;13;137;0;2643.12;491.36
11603.31;13;137;0;2653.16;501.4
11613.36;13;137;0;2728.13;511.45
11623.4;13;137;0;2738.17;521.49
11633.41;13;137;0;2683.26;531.5
11643.45;13;137;0;2693.3;541.54
11658.44;6;139;0;2577.48;425.53
11668.49;6;139;0;2587.53;435.57
11678.5;6;139;0;2662.51;445.58
11688.54;6;139;0;2672.55;455.62
11698.58;6;139;0;2617.62;465.67
11708.63;6;139;0;2627.67;475.71
11722.84;16;140;0;2576.86;424.69
11733.17;16;140;0;2587.19;435.02
11743.19;16;140;0;2662.23;445.04
11753.23;16;140;0;2672.27;455.09
11763.28;16;140;0;2617.29;465.13
11773.32;16;140;0;2627.34;475.17
11788.51;9;141;0;2577.63;425.42
11798.82;9;141;0;2587.95;435.74
11808.86;9;141;0;2662.88;445.78
11818.87;9;141;0;2672.89;455.79
11828.91;9;141;0;2618.04;465.83
11838.96;9;141;0;2628.08;475.88
11854.3;17;142;0;2578.65;425.7
11864.62;17;142;0;2588.97;436.02
11874.67;17;142;0;2663.79;446.07
11884.68;17;142;0;2673.81;456.08
11894.72;17;142;0;2619.08;466.12
11904.77;17;142;0;2629.12;476.17
11920;8;143;0;2579;426.39
11930.19;8;143;0;2589.19;436.58
11940.23;8;143;0;2664.59;446.62
11950.28;8;143;0;2674.63;456.67
11960.32;8;143;0;2619.32;466.71
11970.35;8;143;0;2629.35;476.74
11985.01;2;144;0;2578.81;426.59
11995.06;2;144;0;2588.86;436.63
12005.1;2;144;0;2664.1;446.67
12015.15;2;144;0;2674.15;456.72
12025.19;2;144;0;2618.99;466.76
12035.24;2;144;0;2629.04;476.81
12049.87;13;145;0;2578.29;426.43
12059.89;13;145;0;2588.31;436.44
12069.94;13;145;0;2663.73;446.49
12079.98;13;145;0;2673.78;456.53
12090.02;13;145;0;2618.44;466.58
12100.04;13;145;0;2628.46;476.6
12115.07;6;146;0;2578.52;426.48
12125.18;6;146;0;2588.62;436.59
12135.21;6;146;0;2663.63;446.62
12145.25;6;146;0;2673.67;456.67
12155.3;6;146;0;2618.74;466.71
12165.32;6;146;0;2628.77;476.74
12180.38;16;147;0;2578.44;427.11
12190.43;16;147;0;2588.48;437.15
12200.47;16;147;0;2663.92;447.2
12210.52;16;147;0;2673.96;457.24
12220.56;16;147;0;2618.62;467.29
12230.57;16;147;0;2628.63;477.3
12245.73;9;148;0;2578.76;426.81
12256.05;9;148;0;2589.07;437.13
12266.06;9;148;0;2664.12;447.15
12276.11;9;148;0;2674.16;457.19
12286.15;9;148;0;2619.18;467.24
12296.16;9;148;0;2629.18;477.24
12311.74;17;149;0;2579.79;427.01
12321.91;17;149;0;2589.96;437.18
12331.95;17;149;0;2664.98;447.23
12341.96;17;149;0;2674.99;457.24
12351.97;17;149;0;2620.02;467.24
12361.98;17;149;0;2630.03;477.25
12376.93;8;150;0;2579.28;426.61
12387.17;8;150;0;2589.52;436.85
12397.22;8;150;0;2665.27;446.9
12407.26;8;150;0;2675.31;456.94
12417.31;8;150;0;2619.65;466.99
12427.35;8;150;0;2629.7;477.03
12442.77;2;126;0;4210.63;2057.64
12452.78;2;126;0;4220.63;2067.64
12462.82;2;126;0;4295.88;2077.69
12472.87;2;126;0;4305.93;2087.73
12482.91;2;126;0;4250.76;2097.77
12492.94;2;126;0;4260.79;2107.8
12508.21;13;153;0;2579.95;428.18
12518.25;13;153;0;2590;438.23
12528.25;13;153;0;2665.25;448.23
12538.3;13;153;0;2675.29;458.27
12548.34;13;153;0;2620.09;468.32
12558.39;13;153;0;2630.13;478.36
12573.83;6;154;0;2580.77;428.53
12583.87;6;154;0;2590.81;438.57
12593.92;6;154;0;2665.66;448.62
12603.96;6;154;0;2675.7;458.66
12614;6;154;0;2620.94;468.71
12624.05;6;154;0;2630.99;478.75
12639.66;16;155;0;2581.01;429.1
12649.71;16;155;0;2591.06;439.15
12659.75;16;155;0;2666.69;449.19
12669.76;16;155;0;2676.7;459.2
12679.81;16;155;0;2621.16;469.25
12689.85;16;155;0;2631.2;479.29
12705.03;9;156;0;2581.24;428.88
12715.08;9;156;0;2591.29;438.93
12725.12;9;156;0;2666.47;448.97
12735.13;9;156;0;2676.48;458.98
12745.18;9;156;0;2621.39;469.03
12755.22;9;156;0;2631.43;479.07
12769.79;17;157;0;2580.64;427.78
12779.96;17;157;0;2590.82;437.96
12789.98;17;157;0;2666.2;447.98
12800;17;157;0;2676.22;458
12810.05;17;157;0;2620.91;468.04
12820.09;17;157;0;2630.95;478.09
12835.38;8;158;0;2580.92;428.08
12845.43;8;158;0;2590.96;438.12
12855.47;8;158;0;2666.33;448.16
12865.52;8;158;0;2676.37;458.21
12875.56;8;158;0;2621.09;468.25
12885.6;8;158;0;2631.14;478.3
12900.25;2;159;0;2580.27;427.34
12910.44;2;159;0;2590.46;437.53
12920.45;2;159;0;2665.98;447.54
12930.47;2;159;0;2676.01;457.56
12940.52;2;159;0;2620.54;467.61
12950.56;2;159;0;2630.58;477.65
12965.83;13;160;0;2580.7;427.49
12975.88;13;160;0;2590.75;437.54
12985.93;13;160;0;2665.94;447.58
12995.97;13;160;0;2675.99;457.63
13006.01;13;160;0;2620.88;467.67
13016.06;13;160;0;2630.92;477.72
13031.06;6;161;0;2581.15;427.05
13041.1;6;161;0;2591.19;437.1
13051.15;6;161;0;2666.01;447.14
13061.19;6;161;0;2676.06;457.19
13071.22;6;161;0;2621.31;467.22
13081.23;6;161;0;2631.31;477.22
13096.31;16;163;0;2581.36;426.51
13106.73;16;163;0;2591.77;436.92
13116.77;16;163;0;2666.86;446.96
13126.81;16;163;0;2676.9;457.01
13136.85;16;163;0;2621.89;467.04
13146.89;16;163;0;2631.93;477.08
13162.18;9;164;0;2581.87;427
13172.46;9;164;0;2592.15;437.29
13182.51;9;164;0;2667.55;447.33
13192.54;9;164;0;2677.58;457.36
13202.58;9;164;0;2622.27;467.41
13212.63;9;164;0;2632.32;477.45
13227.73;17;165;0;2582.1;427.68
13237.77;17;165;0;2592.14;437.72
13247.82;17;165;0;2667.5;447.77
13257.86;17;165;0;2677.55;457.81
13267.88;17;165;0;2622.25;467.83
13277.93;17;165;0;2632.3;477.88
13293.52;8;166;0;2582.8;427.96
13303.7;8;166;0;2592.98;438.14
13313.72;8;166;0;2668.09;448.16
13323.76;8;166;0;2678.13;458.2
13333.8;8;166;0;2623.09;468.24
13343.85;8;166;0;2633.13;478.29
13358.31;2;167;0;2582.31;427.79
13368.62;2;167;0;2592.62;438.11
13378.67;2;167;0;2667.95;448.15
13388.71;2;167;0;2678;458.2
13398.72;2;167;0;2622.72;468.21
13408.77;2;167;0;2632.77;478.25
13423.17;13;168;0;2582.26;427.16
13433.22;13;168;0;2592.31;437.21
13443.27;13;168;0;2667.26;447.25
13453.31;13;168;0;2677.31;457.3
13463.36;13;168;0;2622.44;467.34
13473.37;13;168;0;2632.45;477.35
13488.05;6;169;0;2581.78;426.82
13498.29;6;169;0;2592.02;437.06
13508.34;6;169;0;2667.42;447.1
13518.38;6;169;0;2677.47;457.15
13528.39;6;169;0;2622.12;467.15
13538.42;6;169;0;2632.14;477.18
13554;16;170;0;2582.56;427.14
13564.06;16;170;0;2592.62;437.2
13574.11;16;170;0;2667.83;447.25
13584.15;16;170;0;2677.88;457.29
13594.2;16;170;0;2622.76;467.34
13604.24;16;170;0;2632.8;477.38
13620.53;9;171;0;2584.27;427.94
13630.77;9;171;0;2594.52;438.19
13640.82;9;171;0;2669.38;448.24
13650.86;9;171;0;2679.42;458.28
13660.91;9;171;0;2624.66;468.32
13670.95;9;171;0;2634.7;478.37
13685.51;17;172;0;2583.6;427.6
13695.85;17;172;0;2593.94;437.94
13705.89;17;172;0;2669.64;447.99
13715.92;17;172;0;2679.67;458.02
13725.96;17;172;0;2624.05;468.06
13736.01;17;172;0;2634.1;478.1
13751.85;8;173;0;2584.39;428.04
13761.89;8;173;0;2594.43;438.08
13771.93;8;173;0;2670.02;448.13
13781.98;8;173;0;2680.06;458.17
13792.02;8;173;0;2624.57;468.22
13802.04;8;173;0;2634.59;478.24
13817.5;2;174;0;2584.58;428.74
13827.88;2;174;0;2594.96;439.12
13837.92;2;174;0;2670.46;449.16
13847.96;2;174;0;2680.51;459.2
13858.01;2;174;0;2625.09;469.25
13868.05;2;174;0;2635.13;479.29
13882.82;13;175;0;2584.67;429.46
13893.07;13;175;0;2594.92;439.71
13903.11;13;175;0;2670.19;449.76
13913.16;13;175;0;2680.24;459.8
13923.2;13;175;0;2625.06;469.85
13933.25;13;175;0;2635.1;479.89
13948.1;6;151;0;4085.09;1932.9
13958.38;6;151;0;4095.38;1943.19
13968.43;6;151;0;4170.77;1953.23
13978.47;6;151;0;4180.82;1963.28
13988.51;6;151;0;4125.51;1973.32
13998.56;6;151;0;4135.55;1983.37
14013.36;16;177;0;2584.76;429.17
14023.41;16;177;0;2594.81;439.21
14033.45;16;177;0;2670.37;449.25
14043.5;16;177;0;2680.41;459.3
14053.54;16;177;0;2624.94;469.34
14063.58;16;177;0;2634.98;479.39
14078.04;9;72;0;2584.43;427.13
14088.32;9;72;0;2594.71;437.41
14098.36;9;72;0;2669.76;447.45
14108.4;9;72;0;2679.81;457.5
14118.45;9;72;0;2624.84;467.54
14128.45;9;72;0;2634.84;477.54
14143.92;17;180;0;2585.49;427.96
14153.99;17;180;0;2595.56;438.03
14164.04;17;180;0;2670.43;448.07
14174.08;17;180;0;2680.47;458.12
14184.12;17;180;0;2625.7;468.16
14194.17;17;180;0;2635.74;478.2
14208.89;8;104;0;2585.45;426.87
14218.93;8;104;0;2595.48;436.91
14228.97;8;104;0;2670.54;446.95
14239.01;8;104;0;2680.59;456.99
14249.06;8;104;0;2625.61;467.04
14259.1;8;104;0;2635.66;477.08
14273.81;2;18;0;2585.22;425.8
14284.14;2;18;0;2595.55;436.13
14294.15;2;18;0;2670.7;446.15
14304.2;2;18;0;2680.75;456.19
14314.24;2;18;0;2625.66;466.23
14324.29;2;18;0;2635.7;476.28
14339.76;13;26;0;2586.48;426.55
14349.77;13;26;0;2596.49;436.57
14359.79;13;26;0;2671.21;446.59
14369.84;13;26;0;2681.25;456.63
14379.84;13;26;0;2626.56;466.64
14389.85;13;26;0;2636.57;476.64
14404.26;6;181;0;2585.34;425.74
14414.4;6;181;0;2595.48;435.88
14424.44;6;181;0;2671.16;445.93
14434.46;6;181;0;2681.18;455.95
14444.51;6;181;0;2625.59;465.99
14454.55;6;181;0;2635.64;476.04
14470.03;16;182;0;2585.3;426.49
14480.12;16;182;0;2595.39;436.57
14490.15;16;182;0;2671.24;446.61
14500.19;16;182;0;2681.28;456.65
14510.2;16;182;0;2625.48;466.66
14520.22;16;182;0;2635.5;476.68
14535.86;9;61;0;2585.54;427.42
14545.91;9;61;0;2595.59;437.46
14555.95;9;61;0;2671.23;447.5
14566;9;61;0;2681.27;457.55
14576.04;9;61;0;2625.72;467.59
14586.09;9;61;0;2635.77;477.64
14601.29;17;21;0;2586.09;427.16
14611.33;17;21;0;2596.14;437.21
14621.38;17;21;0;2671.05;447.25
14631.42;17;21;0;2681.1;457.3
14641.46;17;21;0;2626.27;467.34
14651.51;17;21;0;2636.32;477.38
14665.72;8;117;0;2585.69;426.66
14676.12;8;117;0;2596.1;437.06
14686.17;8;117;0;2670.97;447.11
14696.21;8;117;0;2681.02;457.15
14706.25;8;117;0;2626.23;467.19
14716.3;8;117;0;2636.27;477.24
14731.34;1;22;0;2586.04;427.1
14741.37;1;22;0;2596.07;437.12
14751.41;1;22;0;2671.39;447.17
14761.45;1;22;0;2681.43;457.21
14771.46;1;22;0;2626.16;467.22
14781.5;1;22;0;2636.2;477.26
14795.97;10;176;0;3432.89;1277.55
14806.1;10;176;0;3443.02;1287.67
14816.15;10;176;0;3518;1297.72
14826.19;10;176;0;3528.04;1307.76
14836.24;10;176;0;3473.15;1317.81
14846.28;10;176;0;3483.2;1327.85
14860.89;2;23;0;2650.33;491.01
14870.93;2;23;0;2660.37;501.05
14880.98;2;23;0;2735.68;511.1
14891.02;2;23;0;2745.72;521.14
14901.07;2;23;0;2690.51;531.19
14911.11;2;23;0;2700.55;541.23
14925.97;13;43;0;2649.82;491.47
14936.03;13;43;0;2659.88;501.53
14946.08;13;43;0;2735.51;511.57
14956.12;13;43;0;2745.56;521.62
14966.17;13;43;0;2690.02;531.66
14976.21;13;43;0;2700.06;541.71
14990.92;6;45;0;2648.91;490.68
15001.11;6;45;0;2659.11;500.87
15011.16;6;45;0;2735.01;510.92
15021.2;6;45;0;2745.05;520.96
15031.24;6;45;0;2689.24;531.01
15041.25;6;45;0;2699.24;541.01
15055.95;16;0;0;2648.65;489.91
15066.18;16;0;0;2658.87;500.13
15076.22;16;0;0;2734.22;510.18
15086.27;16;0;0;2744.26;520.22
15096.31;16;0;0;2689;530.27
15106.36;16;0;0;2699.05;540.31
15121.04;9;19;0;2648.13;489.57
15131.38;9;19;0;2658.47;499.92
15141.41;9;19;0;2734.1;509.95
15151.46;9;19;0;2744.15;519.99
15161.5;9;19;0;2688.59;530.04
15171.54;9;19;0;2698.63;540.07
15186.07;17;27;0;2647.73;489.82
15196.32;17;27;0;2657.98;500.07
15206.37;17;27;0;2733.46;510.11
15216.41;17;27;0;2743.5;520.16
15226.46;17;27;0;2688.11;530.2
15236.48;17;27;0;2698.14;540.23
15251.12;8;20;0;2647.12;489.62
15261.32;8;20;0;2657.32;499.82
15271.36;8;20;0;2733.02;509.87
15281.41;8;20;0;2743.07;519.91
15291.45;8;20;0;2687.45;529.95
15301.5;8;20;0;2697.49;540
15316.49;1;32;0;2646.68;490.25
15326.49;1;32;0;2656.68;500.26
15336.54;1;32;0;2732.53;510.3
15346.58;1;32;0;2742.58;520.35
15356.63;1;32;0;2686.82;530.39
15366.67;1;32;0;2696.86;540.43
15381.46;10;47;0;2646.28;490.39
15391.54;10;47;0;2656.37;500.48
15401.59;10;47;0;2731.78;510.52
15411.63;10;47;0;2741.82;520.57
15421.68;10;47;0;2686.5;530.61
15431.72;10;47;0;2696.54;540.65
15446.85;2;35;0;2646.8;490.69
15457.06;2;35;0;2657.01;500.89
15467.1;2;35;0;2731.93;510.94
15477.15;2;35;0;2741.97;520.98
15487.19;2;35;0;2687.14;531.02
15497.23;2;35;0;2697.19;541.07
15511.9;13;48;0;2646.33;490.65
15522;13;48;0;2656.44;500.76
15532.04;13;48;0;2732;510.8
15542.09;13;48;0;2742.04;520.84
15552.1;13;48;0;2686.54;530.86
15562.15;13;48;0;2696.59;540.9
15577.06;6;49;0;2646.55;490.75
15587.09;6;49;0;2656.58;500.78
15597.14;6;49;0;2731.58;510.83
15607.18;6;49;0;2741.62;520.87
15617.23;6;49;0;2686.71;530.92
15627.27;6;49;0;2696.75;540.96
15641.97;16;17;0;2645.96;490.47
15651.99;16;17;0;2655.98;500.49
15662.04;16;17;0;2731.52;510.54
15672.05;16;17;0;2741.53;520.55
15682.09;16;17;0;2686.08;530.59
15692.14;16;17;0;2696.12;540.64
15706.75;9;38;0;2645.51;490.29
15716.8;9;38;0;2655.56;500.34
15726.84;9;38;0;2730.83;510.38
15736.86;9;38;0;2740.85;520.41
15746.91;9;38;0;2685.67;530.45
15756.95;9;38;0;2695.72;540.5
15772.01;17;54;0;2645.15;490.55
15782.05;17;54;0;2655.19;500.6
15792.09;17;54;0;2730.86;510.64
15802.14;17;54;0;2740.9;520.69
15812.18;17;54;0;2685.32;530.73
15822.23;17;54;0;2695.37;540.77
15836.81;8;8;0;2644.23;490.19
15846.9;8;8;0;2654.31;500.27
15856.94;8;8;0;2730.08;510.31
15866.98;8;8;0;2740.13;520.36
15877.03;8;8;0;2684.45;530.4
15887.07;8;8;0;2694.49;540.45
15901.65;1;57;0;2643.75;489.97
15911.8;1;57;0;2653.89;500.12
15921.84;1;57;0;2729.26;510.17
15931.89;1;57;0;2739.31;520.21
15941.93;1;57;0;2684.03;530.25
15951.98;1;57;0;2694.07;540.3
15967.11;10;58;0;2643.31;489.92
15977.25;10;58;0;2653.44;500.06
15987.29;10;58;0;2729.39;510.1
15997.31;10;58;0;2739.41;520.12
16007.35;10;58;0;2683.55;530.16
16017.39;10;58;0;2693.58;540.2
16031.84;2;12;0;2643.08;489.7
16042.04;2;12;0;2653.28;499.91
16052.06;2;12;0;2728.26;509.93
16062.11;2;12;0;2738.31;519.98
16072.15;2;12;0;2683.4;530.02
16082.2;2;12;0;2693.44;540.06
16096.53;13;14;0;2643.17;489.3
16106.92;13;14;0;2653.57;499.7
16116.97;13;14;0;2728.21;509.74
16127.01;13;14;0;2738.25;519.79
16137.06;13;14;0;2683.7;529.83
16147.1;13;14;0;2693.74;539.87
16161.86;6;56;0;2643.43;489.77
16172;6;56;0;2653.57;499.91
16182.04;6;56;0;2728.69;509.95
16192.09;6;56;0;2738.73;520
16202.13;6;56;0;2683.71;530.04
16212.18;6;56;0;2693.75;540.09
16226.9;16;59;0;2642.7;489.99
16237.04;16;59;0;2652.85;500.14
16247.09;16;59;0;2728.66;510.18
16257.13;16;59;0;2738.71;520.23
16267.18;16;59;0;2682.98;530.27
16277.22;16;59;0;2693.02;540.31
16291.94;9;9;0;2641.03;489.76
16302.09;9;9;0;2651.18;499.9
16312.13;9;9;0;2727.94;509.95
16322.18;9;9;0;2737.98;519.99
16332.22;9;9;0;2681.31;530.04
16342.27;9;9;0;2691.36;540.08
16356.86;17;13;0;2640.9;489.83
16366.92;17;13;0;2650.95;499.89
16376.96;17;13;0;2726.05;509.93
16387;17;13;0;2736.09;519.97
16397.04;17;13;0;2681.08;530.01
16407.09;17;13;0;2691.12;540.06
16421.86;8;36;0;2639.84;489.93
16432;8;36;0;2649.98;500.07
16442.04;8;36;0;2726.08;510.11
16452.05;8;36;0;2736.09;520.12
16462.1;8;36;0;2680.08;530.16
16472.14;8;36;0;2690.12;540.21
16486.9;1;41;0;2638.9;489.55
16496.95;1;41;0;2648.94;499.59
16506.99;1;41;0;2724.97;509.64
16517.04;1;41;0;2735.02;519.68
16527.06;1;41;0;2679.05;529.71
16537.1;1;41;0;2689.1;539.75
16552.19;10;15;0;2638.99;490.04
16562.34;10;15;0;2649.14;500.19
16572.39;10;15;0;2724.38;510.23
16582.43;10;15;0;2734.43;520.28
16592.48;10;15;0;2679.27;530.32
16602.51;10;15;0;2689.3;540.35
16617.2;2;39;0;2638.68;490.14
16627.24;2;39;0;2648.73;500.19
16637.29;2;39;0;2724.08;510.23
16647.33;2;39;0;2734.13;520.27
16657.37;2;39;0;2678.86;530.32
16667.42;2;39;0;2688.91;540.36
16681.98;13;3;0;2638.44;489.85
16692.15;13;3;0;2648.6;500.01
16702.19;13;3;0;2723.68;510.06
16712.23;13;3;0;2733.72;520.1
16722.24;13;3;0;2678.7;530.11
16732.29;13;3;0;2688.75;540.15
16746.76;6;5;0;2638.31;489.58
16756.96;6;5;0;2648.51;499.78
16767;6;5;0;2723.46;509.82
16777.05;6;5;0;2733.51;519.87
16787.09;6;5;0;2678.64;529.91
16797.14;6;5;0;2688.69;539.96
16811.66;16;24;0;2637.54;489.44
16822;16;24;0;2647.88;499.78
16832.04;16;24;0;2723.6;509.82
16842.09;16;24;0;2733.64;519.87
16852.13;16;24;0;2678.01;529.91
16862.18;16;24;0;2688.05;539.96
16876.92;9;4;0;2637.86;489.88
16887.22;9;4;0;2648.16;500.18
16897.26;9;4;0;2723.14;510.22
16907.31;9;4;0;2733.18;520.27
16917.35;9;4;0;2678.29;530.31
16927.4;9;4;0;2688.34;540.36
16942.15;17;10;0;2637.91;490.05
16952.23;17;10;0;2647.99;500.13
16962.27;17;10;0;2723.21;510.18
16972.32;17;10;0;2733.26;520.22
16982.36;17;10;0;2678.12;530.27
16992.41;17;10;0;2688.17;540.31
17007.35;8;1;0;2637.47;490.27
17017.4;8;1;0;2647.52;500.32
17027.44;8;1;0;2723.2;510.36
17037.49;8;1;0;2733.25;520.41
17047.53;8;1;0;2677.65;530.45
17057.58;8;1;0;2687.69;540.5
17072.71;1;29;0;2638.2;490.23
17083.07;1;29;0;2648.56;500.59
17093.11;1;29;0;2723.23;510.64
17103.16;1;29;0;2733.28;520.68
17113.2;1;29;0;2678.7;530.73
17123.25;1;29;0;2688.74;540.77
17137.9;10;6;0;2637.66;490.53
17147.97;10;6;0;2647.74;500.6
17158.02;10;6;0;2723.51;510.64
17168.06;10;6;0;2733.56;520.69
17178.11;10;6;0;2677.87;530.73
17188.15;10;6;0;2687.91;540.78
17202.62;2;7;0;2636.57;490.34
17212.92;2;7;0;2646.87;500.64
17222.95;2;7;0;2722.72;510.68
17233;2;7;0;2732.76;520.72
17243.04;2;7;0;2677;530.77
17253.04;2;7;0;2687;540.77
17267.49;13;11;0;2636.02;490.39
17277.67;13;11;0;2646.21;500.58
17287.72;13;11;0;2721.67;510.63
17297.76;13;11;0;2731.72;520.67
17307.81;13;11;0;2676.34;530.72
17317.85;13;11;0;2686.39;540.76
17332.95;6;25;0;2636.69;490.81
17342.99;6;25;0;2646.74;500.86
17353.04;6;25;0;2721.57;510.9
17363.05;6;25;0;2731.58;520.91
17373.09;6;25;0;2676.84;530.96
17383.14;6;25;0;2686.88;541
17397.48;16;28;0;2635.98;490.12
17407.75;16;28;0;2646.25;500.4
17417.8;16;28;0;2721.54;510.44
17427.84;16;28;0;2731.59;520.49
17437.89;16;28;0;2676.39;530.53
17447.93;16;28;0;2686.43;540.58
17463.02;9;30;0;2636.78;490.66
17473.26;9;30;0;2647.02;500.9
17483.28;9;30;0;2721.78;510.91
17493.32;9;30;0;2731.82;520.96
17503.37;9;30;0;2677.13;531
17513.41;9;30;0;2687.17;541.05
17528.28;17;31;0;2637.22;490.75
17538.36;17;31;0;2647.29;500.83
17548.41;17;31;0;2722.17;510.87
17558.45;17;31;0;2732.21;520.92
17568.49;17;31;0;2677.43;530.96
17578.54;17;31;0;2687.47;541.01
17593.24;8;42;0;2637.07;490.03
17603.24;8;42;0;2647.07;500.04
17613.28;8;42;0;2722.22;510.08
17623.33;8;42;0;2732.26;520.13
17633.37;8;42;0;2677.21;530.17
17643.42;8;42;0;2687.25;540.22
17658.91;1;44;0;2637.66;490.8
17668.93;1;44;0;2647.68;500.82
17678.97;1;44;0;2722.81;510.87
17689.02;1;44;0;2732.85;520.91
17699.06;1;44;0;2677.82;530.95
17709.09;1;44;0;2687.85;540.99
17723.98;10;50;0;2637.66;490.93
17734.02;10;50;0;2647.71;500.98
17744.06;10;50;0;2722.82;511.02
17754.11;10;50;0;2732.86;521.06
17764.15;10;50;0;2677.84;531.11
17774.18;10;50;0;2687.86;541.13
17788.5;2;51;0;2637;490.69
17798.88;2;51;0;2647.38;501.08
17808.93;2;51;0;2722.62;511.12
17818.97;2;51;0;2732.66;521.17
17829.02;2;51;0;2677.52;531.21
17839.06;2;51;0;2687.56;541.26
17854.16;13;52;0;2637.7;491.07
17864.22;13;52;0;2647.77;501.13
17874.27;13;52;0;2722.77;511.18
17884.31;13;52;0;2732.81;521.22
17894.34;13;52;0;2677.88;531.25
17904.38;13;52;0;2687.93;541.29
17918.81;6;53;0;2637.35;490.92
17929.17;6;53;0;2647.72;501.29
17939.22;6;53;0;2722.76;511.33
17949.26;6;53;0;2732.81;521.38
17959.31;6;53;0;2677.85;531.42
17969.35;6;53;0;2687.9;541.47
17984.21;16;55;0;2637.59;490.85
17994.27;16;55;0;2647.65;500.91
18004.32;16;55;0;2722.87;510.95
18014.36;16;55;0;2732.91;521
18024.41;16;55;0;2677.78;531.04
18034.45;16;55;0;2687.83;541.09
18049.41;9;60;0;2637.73;490.92
18059.49;9;60;0;2647.81;500.99
18069.51;9;60;0;2722.88;511.01
18079.55;9;60;0;2732.92;521.06
18089.59;9;60;0;2677.92;531.1
18099.64;9;60;0;2687.96;541.14
18114.14;17;62;0;2636.95;490.77
18124.54;17;62;0;2647.35;501.17
18134.59;17;62;0;2722.91;511.21
18144.6;17;62;0;2732.93;521.23
18154.65;17;62;0;2677.46;531.27
18164.69;17;62;0;2687.5;541.32
18179.02;8;63;0;2636.89;489.96
18189.33;8;63;0;2647.2;500.27
18199.37;8;63;0;2722.18;510.31
18209.4;8;63;0;2732.21;520.34
18219.45;8;63;0;2677.31;530.39
18229.49;8;63;0;2687.36;540.43
18244.67;1;64;0;2637.44;490.52
18254.79;1;64;0;2647.56;500.63
18264.83;1;64;0;2722.7;510.68
18274.88;1;64;0;2732.74;520.72
18284.92;1;64;0;2677.69;530.77
18294.96;1;64;0;2687.74;540.81
18309.6;10;65;0;2637.51;490.59
18319.69;10;65;0;2647.6;500.68
18329.74;10;65;0;2722.51;510.72
18339.78;10;65;0;2732.56;520.77
18349.83;10;65;0;2677.74;530.81
18359.87;10;65;0;2687.78;540.85
18374.92;2;66;0;2638.01;490.56
18384.96;2;66;0;2648.05;500.6
18395.01;2;66;0;2722.91;510.65
18405.04;2;66;0;2732.95;520.69
18415.09;2;66;0;2678.18;530.73
18425.13;2;66;0;2688.23;540.78
18440;13;67;0;2637.82;490.69
18450.14;13;67;0;2647.96;500.83
18460.19;13;67;0;2723.28;510.88
18470.23;13;67;0;2733.32;520.92
18480.28;13;67;0;2678.09;530.97
18490.32;13;67;0;2688.14;541.01
18505.04;6;68;0;2638.02;490.64
18515.24;6;68;0;2648.21;500.83
18525.28;6;68;0;2723.1;510.87
18535.33;6;68;0;2733.14;520.92
18545.34;6;68;0;2678.31;530.94
18555.39;6;68;0;2688.36;540.98
18569.65;16;69;0;2637.72;490.05
18580;16;69;0;2648.07;500.41
18590.04;16;69;0;2723.02;510.45
18600.09;16;69;0;2733.06;520.49
18610.13;16;69;0;2678.2;530.54
18620.18;16;69;0;2688.25;540.58
18634.91;9;70;0;2637.56;490.27
18645.16;9;70;0;2647.81;500.51
18655.21;9;70;0;2723.27;510.56
18665.25;9;70;0;2733.32;520.6
18675.29;9;70;0;2677.94;530.65
18685.34;9;70;0;2687.98;540.69
18700;17;71;0;2637.85;490.55
18710.27;17;71;0;2648.12;500.82
18720.32;17;71;0;2722.96;510.87
18730.36;17;71;0;2733.01;520.91
18740.41;17;71;0;2678.25;530.96
18750.44;17;71;0;2688.28;540.99
18765.09;8;73;0;2638.03;490.17
18775.44;8;73;0;2648.39;500.52
18785.49;8;73;0;2723.33;510.57
18795.53;8;73;0;2733.38;520.61
18805.57;8;73;0;2678.52;530.65
18815.62;8;73;0;2688.56;540.7
18829.92;1;74;0;2637.79;490.09
18839.99;1;74;0;2647.85;500.16
18850.03;1;74;0;2722.97;510.2
18860.03;1;74;0;2732.98;520.21
18870.08;1;74;0;2677.94;530.25
18880.12;1;74;0;2687.99;540.29
18895.61;10;76;0;2638.43;490.52
18905.65;10;76;0;2648.47;500.56
18915.67;10;76;0;2723.54;510.58
18925.71;10;76;0;2733.58;520.63
18935.76;10;76;0;2678.58;530.67
18945.78;10;76;0;2688.61;540.7
18961.08;2;77;0;2638.86;490.81
18971.13;2;77;0;2648.9;500.85
18981.14;2;77;0;2723.97;510.87
18991.18;2;77;0;2734;520.9
19001.22;2;77;0;2679;530.94
19011.27;2;77;0;2689.04;540.99
19025.72;13;78;0;2638.68;490.35
19036.02;13;78;0;2648.98;500.65
19046.07;13;78;0;2723.85;510.7
19056.11;13;78;0;2733.89;520.74
19066.16;13;78;0;2679.11;530.79
19076.2;13;78;0;2689.16;540.83
19090.89;6;79;0;2638.8;490.76
19101.17;6;79;0;2649.07;501.04
19111.21;6;79;0;2724.17;511.08
19121.26;6;79;0;2734.22;521.13
19131.28;6;79;0;2679.19;531.15
19141.33;6;79;0;2689.23;541.19
19155.51;16;81;0;2638.43;490.21
19165.92;16;81;0;2648.84;500.62
19175.96;16;81;0;2723.87;510.67
19186.01;16;81;0;2733.91;520.71
19196.05;16;81;0;2678.97;530.76
19206.1;16;81;0;2689.02;540.8
19220.88;9;82;0;2638.41;490.48
19230.93;9;82;0;2648.45;500.52
19240.97;9;82;0;2723.89;510.57
19251.02;9;82;0;2733.94;520.61
19261.06;9;82;0;2678.58;530.66
19271.11;9;82;0;2688.63;540.7
19285.77;17;83;0;2638.4;490.2
19295.99;17;83;0;2648.61;500.41
19306.03;17;83;0;2723.55;510.45
19316.07;17;83;0;2733.6;520.5
19326.12;17;83;0;2678.74;530.54
19336.16;17;83;0;2688.79;540.59
19350.71;8;84;0;2638.44;490.64
19360.87;8;84;0;2648.59;500.79
19370.91;8;84;0;2723.54;510.83
19380.96;8;84;0;2733.58;520.88
19391;8;84;0;2678.72;530.92
19401.04;8;84;0;2688.77;540.97
19415.51;1;85;0;2638.42;489.75
19425.67;1;85;0;2648.58;499.91
19435.71;1;85;0;2723.43;509.95
19445.76;1;85;0;2733.48;520
19455.8;1;85;0;2678.71;530.04
19465.84;1;85;0;2688.75;540.09
19480.16;10;86;0;2638.03;488.94
19490.2;10;86;0;2648.07;498.98
19500.25;10;86;0;2723.16;509.03
19510.29;10;86;0;2733.2;519.07
19520.34;10;86;0;2678.2;529.12
19530.38;10;86;0;2688.25;539.16
19545.07;2;87;0;2637.71;488.91
19555.47;2;87;0;2648.12;499.31
19565.51;2;87;0;2723.38;509.36
19575.56;2;87;0;2733.42;519.4
19585.6;2;87;0;2678.25;529.44
19595.65;2;87;0;2688.29;539.49
19610.32;13;88;0;2637.95;489.01
19620.5;13;88;0;2648.14;499.2
19630.55;13;88;0;2723.2;509.25
19640.59;13;88;0;2733.24;519.29
19650.64;13;88;0;2678.27;529.33
19660.68;13;88;0;2688.32;539.38
19675.21;6;89;0;2637.68;489.16
19685.62;6;89;0;2648.08;499.56
19695.66;6;89;0;2723.3;509.61
19705.7;6;89;0;2733.34;519.65
19715.75;6;89;0;2678.22;529.7
19725.79;6;89;0;2688.26;539.74
19740.42;16;91;0;2637.22;489.36
19750.55;16;91;0;2647.35;499.49
19760.59;16;91;0;2723.06;509.53
19770.64;16;91;0;2733.1;519.58
19780.68;16;91;0;2677.48;529.62
19790.73;16;91;0;2687.52;539.66
19805.81;9;92;0;2637.71;489.7
19815.86;9;92;0;2647.75;499.74
19825.89;9;92;0;2722.68;509.77
19835.91;9;92;0;2732.71;519.79
19845.92;9;92;0;2677.81;529.8
19855.96;9;92;0;2687.86;539.85
19870.9;17;93;0;2637.86;489.9
19881.01;17;93;0;2647.97;500.01
19891.06;17;93;0;2722.95;510.06
19901.07;17;93;0;2732.97;520.07
19911.12;17;93;0;2678.07;530.12
19921.16;17;93;0;2688.12;540.16
19935.77;8;94;0;2637.97;489.97
19945.88;8;94;0;2648.07;500.08
19955.92;8;94;0;2722.88;510.12
19965.97;8;94;0;2732.92;520.17
19976.01;8;94;0;2678.2;530.21
19986.05;8;94;0;2688.25;540.25
20001.09;1;95;0;2638;490.75
20011.13;1;95;0;2648.04;500.8
20021.18;1;95;0;2723.37;510.84
20031.22;1;95;0;2733.42;520.88
20041.27;1;95;0;2678.18;530.93
20051.31;1;95;0;2688.22;540.97
20066.03;10;96;0;2638.15;490.43
20076.08;10;96;0;2648.19;500.48
20086.12;10;96;0;2723.03;510.52
20096.14;10;96;0;2733.05;520.53
20106.18;10;96;0;2678.3;530.58
20116.22;10;96;0;2688.34;540.62
20130.75;2;97;0;2637.39;490.12
20141.06;2;97;0;2647.69;500.42
20151.1;2;97;0;2723.22;510.46
20161.13;2;97;0;2733.25;520.5
20171.18;2;97;0;2677.81;530.54
20181.22;2;97;0;2687.86;540.59
20196.26;13;98;0;2637.77;490.51
20206.3;13;98;0;2647.81;500.56
20216.35;13;98;0;2722.98;510.6
20226.39;13;98;0;2733.03;520.64
20236.44;13;98;0;2677.94;530.69
20246.48;13;98;0;2687.99;540.73
20261.69;6;99;0;2638.31;491.01
20271.98;6;99;0;2648.61;501.3
20282.01;6;99;0;2723.51;511.32
20292.05;6;99;0;2733.56;521.37
20302.09;6;99;0;2678.72;531.41
20312.14;6;99;0;2688.77;541.46
20326.61;16;100;0;2637.55;490.66
20336.68;16;100;0;2647.62;500.73
20346.73;16;100;0;2723.35;510.78
20356.74;16;100;0;2733.37;520.79
20366.78;16;100;0;2677.72;530.83
20376.83;16;100;0;2687.77;540.88
20391.35;9;101;0;2637.2;490.23
20401.49;9;101;0;2647.34;500.38
20411.52;9;101;0;2722.46;510.4
20421.56;9;101;0;2732.5;520.44
20431.61;9;101;0;2677.45;530.49
20441.65;9;101;0;2687.5;540.53
20456.66;17;102;0;2637.64;490.65
20467;17;102;0;2647.98;500.99
20477.04;17;102;0;2722.89;511.03
20487.09;17;102;0;2732.94;521.08
20497.13;17;102;0;2678.12;531.12
20507.18;17;102;0;2688.16;541.17
20522.27;8;103;0;2637.91;491
20532.31;8;103;0;2647.95;501.05
20542.36;8;103;0;2723.34;511.09
20552.4;8;103;0;2733.38;521.13
20562.44;8;103;0;2678.09;531.18
20572.49;8;103;0;2688.13;541.22
20586.73;1;105;0;2637.42;490.55
20596.97;1;105;0;2647.66;500.79
20607.01;1;105;0;2722.65;510.83
20617.05;1;105;0;2732.7;520.87
20627.1;1;105;0;2677.79;530.92
20637.14;1;105;0;2687.84;540.96
20652.22;10;106;0;2637.81;491.04
20662.42;10;106;0;2648.01;501.24
20672.46;10;106;0;2723.15;511.28
20682.47;10;106;0;2733.16;521.29
20692.51;10;106;0;2678.1;531.33
20702.55;10;106;0;2688.15;541.38
20716.99;2;107;0;2637.4;490.55
20727.35;2;107;0;2647.75;500.91
20737.39;2;107;0;2722.99;510.96
20747.44;2;107;0;2733.03;521
20757.48;2;107;0;2677.89;531.05
20767.53;2;107;0;2687.93;541.09
20782.58;13;109;0;2637.93;490.49
20792.88;13;109;0;2648.24;500.79
20802.93;13;109;0;2723.33;510.83
20812.97;13;109;0;2733.38;520.88
20823.02;13;109;0;2678.37;530.92
20833.06;13;109;0;2688.41;540.97
20848.2;6;110;0;2638.75;491.41
20858.24;6;110;0;2648.79;501.46
20868.28;6;110;0;2723.64;511.5
20878.33;6;110;0;2733.68;521.54
20888.36;6;110;0;2678.92;531.58
20898.41;6;110;0;2688.96;541.62
20913.54;16;111;0;2638.62;491.94
20923.63;16;111;0;2648.71;502.03
20933.68;16;111;0;2724.23;512.07
20943.69;16;111;0;2734.24;522.08
20953.74;16;111;0;2678.82;532.13
20963.78;16;111;0;2688.86;542.17
20978.37;9;112;0;2638.55;491.24
20988.42;9;112;0;2648.59;501.28
20998.46;9;112;0;2723.54;511.33
21008.51;9;112;0;2733.59;521.37
21018.55;9;112;0;2678.72;531.42
21028.6;9;112;0;2688.77;541.46
21042.79;17;113;0;2637.7;490.35
21052.91;17;113;0;2647.82;500.47
21062.95;17;113;0;2723.12;510.5
21072.99;17;113;0;2733.16;520.55
21083.04;17;113;0;2677.95;530.59
21093.08;17;113;0;2687.99;540.64
21108.19;8;114;0;2637.92;491.09
21118.47;8;114;0;2648.19;501.37
21128.51;8;114;0;2723.42;511.41
21138.56;8;114;0;2733.47;521.46
21148.57;8;114;0;2678.29;531.47
21158.61;8;114;0;2688.34;541.51
21173.81;1;115;0;2638.44;491.3
21183.92;1;115;0;2648.55;501.41
21193.97;1;115;0;2723.69;511.46
21204.01;1;115;0;2733.74;521.5
21214.06;1;115;0;2678.69;531.55
21224.1;1;115;0;2688.73;541.59
21238.91;10;116;0;2638.78;491.43
21248.96;10;116;0;2648.83;501.48
21259;10;116;0;2723.63;511.52
21269.05;10;116;0;2733.68;521.56
21279.09;10;116;0;2678.96;531.61
21289.14;10;116;0;2689;541.65
21304.34;2;118;0;2639.05;491.33
21314.41;2;118;0;2649.12;501.39
21324.45;2;118;0;2724.32;511.44
21334.5;2;118;0;2734.37;521.48
21344.54;2;118;0;2679.25;531.53
21354.59;2;118;0;2689.29;541.57
21369.39;13;119;0;2638.98;491.02
21379.47;13;119;0;2649.06;501.1
21389.51;13;119;0;2724.22;511.14
21399.56;13;119;0;2734.26;521.19
21409.6;13;119;0;2679.2;531.23
21419.65;13;119;0;2689.24;541.27
21434.74;6;120;0;2639.16;491
21444.79;6;120;0;2649.22;501.06
21454.84;6;120;0;2724.43;511.1
21464.88;6;120;0;2734.47;521.14
21474.92;6;120;0;2679.35;531.19
21484.97;6;120;0;2689.39;541.23
21499.52;16;121;0;2639.44;490.97
21509.63;16;121;0;2649.55;501.07
21519.67;16;121;0;2724.09;511.12
21529.71;16;121;0;2734.14;521.16
21539.76;16;121;0;2679.68;531.21
21549.8;16;121;0;2689.73;541.25
21564.68;9;122;0;2638.92;491.65
21574.73;9;122;0;2648.97;501.69
21584.77;9;122;0;2724.69;511.73
21594.81;9;122;0;2734.74;521.78
21604.82;9;122;0;2679.06;531.79
21614.87;9;122;0;2689.11;541.83
21629.55;17;123;0;2638.33;490.95
21639.6;17;123;0;2648.38;500.99
21649.62;17;123;0;2723.86;511.02
21659.66;17;123;0;2733.91;521.06
21669.67;17;123;0;2678.45;531.06
21679.71;17;123;0;2688.49;541.11
21695.49;8;124;0;2639.34;491.44
21705.53;8;124;0;2649.37;501.47
21715.57;8;124;0;2724.35;511.52
21725.62;8;124;0;2734.4;521.56
21735.66;8;124;0;2679.5;531.6
21745.7;8;124;0;2689.54;541.64
21761.16;1;125;0;2639.86;492.07
21771.21;1;125;0;2649.91;502.12
21781.22;1;125;0;2725.07;512.13
21791.27;1;125;0;2735.11;522.18
21801.27;1;125;0;2679.97;532.18
21811.3;1;125;0;2690;542.21
21825.53;10;126;0;2639.47;490.98
21835.73;10;126;0;2649.68;501.19
21845.73;10;126;0;2724.43;511.19
21855.78;10;126;0;2734.48;521.24
21865.82;10;126;0;2679.77;531.28
21875.87;10;126;0;2689.81;541.32
21890.91;2;127;0;2639.85;491.31
21901.27;2;127;0;2650.21;501.67
21911.32;2;127;0;2725.27;511.72
21921.36;2;127;0;2735.31;521.76
21931.41;2;127;0;2680.35;531.8
21941.45;2;127;0;2690.39;541.85
21955.94;13;128;0;2639.82;491.02
21966.23;13;128;0;2650.11;501.31
21976.24;13;128;0;2725.18;511.32
21986.28;13;128;0;2735.22;521.35
21996.32;13;128;0;2680.21;531.4
22006.33;13;128;0;2690.21;541.41
22021.09;6;129;0;2640.09;491.33
22031.35;6;129;0;2650.35;501.59
22041.39;6;129;0;2725.28;511.64
22051.44;6;129;0;2735.32;521.68
22061.48;6;129;0;2680.48;531.73
22071.53;6;129;0;2690.53;541.77
22085.93;16;130;0;2640.13;491.07
22096.22;16;130;0;2650.42;501.36
22106.26;16;130;0;2725.26;511.41
22116.31;16;130;0;2735.31;521.45
22126.35;16;130;0;2680.55;531.49
22136.36;16;130;0;2690.56;541.5
22151.78;9;131;0;2641.45;492.08
22161.83;9;131;0;2651.49;502.12
22171.87;9;131;0;2726.07;512.17
22181.92;9;131;0;2736.12;522.21
22191.96;9;131;0;2681.62;532.25
22202.01;9;131;0;2691.67;542.3
22216.82;17;132;0;2641.22;491.16
22226.87;17;132;0;2651.27;501.21
22236.91;17;132;0;2726.58;511.25
22246.92;17;132;0;2736.58;521.26
22256.97;17;132;0;2681.36;531.3
22267.01;17;132;0;2691.41;541.35
22281.92;8;133;0;2641.28;490.61
22292;8;133;0;2651.36;500.69
22302.04;8;133;0;2726.44;510.73
22312.09;8;133;0;2736.49;520.78
22322.13;8;133;0;2681.49;530.81
22332.17;8;133;0;2691.53;540.86
22346.68;2;135;0;2575.99;425.27
22357.04;2;135;0;2586.35;435.63
22367.06;2;135;0;2661.32;445.66
22377.11;2;135;0;2671.36;455.7
22387.15;2;135;0;2616.47;465.75
22397.2;2;135;0;2626.52;475.79
22412.4;13;136;0;2576.45;426.08
22422.45;13;136;0;2586.49;436.12
22432.49;13;136;0;2661.81;446.17
22442.54;13;136;0;2671.85;456.21
22452.58;13;136;0;2616.63;466.26
22462.62;13;136;0;2626.67;476.3
22477.89;6;137;0;2576.77;426.41
22488.22;6;137;0;2587.1;436.74
22498.27;6;137;0;2662.31;446.78
22508.31;6;137;0;2672.36;456.83
22518.32;6;137;0;2617.2;466.83
22528.36;6;137;0;2627.24;476.88
22542.83;16;134;0;2837.08;687.01
22553.07;16;134;0;2847.32;697.24
22563.09;16;134;0;2922.45;707.27
22573.13;16;134;0;2932.5;717.31
22583.18;16;134;0;2877.43;727.35
22593.22;16;134;0;2887.47;737.4
22608.28;9;140;0;2577.01;426.32
22618.47;9;140;0;2587.21;436.51
22628.52;9;140;0;2662.51;446.56
22638.52;9;140;0;2672.51;456.56
22648.56;9;140;0;2617.3;466.6
22658.61;9;140;0;2627.34;476.65
22673.93;17;141;0;2577.75;426.97
22683.95;17;141;0;2587.77;436.98
22693.96;17;141;0;2662.7;447
22704.01;17;141;0;2672.74;457.04
22714.05;17;141;0;2617.87;467.09
22724.07;17;141;0;2627.89;477.1
22739.44;8;139;0;2773.43;623.08
22749.55;8;139;0;2783.54;633.19
22759.56;8;139;0;2858.44;643.21
22769.57;8;139;0;2868.45;653.22
22779.62;8;139;0;2813.61;663.26
22789.62;8;139;0;2823.61;673.27
22804.04;2;143;0;2577.61;426.89
22814.4;2;143;0;2587.97;437.25
22824.45;2;143;0;2663.27;447.29
22834.47;2;143;0;2673.29;457.32
22844.51;2;143;0;2618.08;467.36
22854.56;2;143;0;2628.12;477.4
22869.86;13;144;0;2577.77;427.28
22880.11;13;144;0;2588.02;437.53
22890.16;13;144;0;2663.72;447.58
22900.17;13;144;0;2673.73;457.59
22910.22;13;144;0;2618.12;467.64
22920.26;13;144;0;2628.17;477.68
22935.03;6;145;0;2578.24;426.67
22945.09;6;145;0;2588.3;436.73
22955.13;6;145;0;2663.04;446.78
22965.15;6;145;0;2673.06;456.8
22975.2;6;145;0;2618.41;466.84
22985.24;6;145;0;2628.46;476.89
23000.72;16;146;0;2579.12;427.54
23010.83;16;146;0;2589.22;437.65
23020.87;16;146;0;2664.09;447.7
23030.88;16;146;0;2674.09;457.7
23040.91;16;146;0;2619.3;467.73
23050.95;16;146;0;2629.35;477.78
23066.39;9;147;0;2579.25;427.82
23076.46;9;147;0;2589.33;437.9
23086.48;9;147;0;2664.87;447.91
23096.48;9;147;0;2674.87;457.92
23106.53;9;147;0;2619.39;467.96
23116.57;9;147;0;2629.44;478.01
23131.08;17;148;0;2578.63;427.02
23141.26;17;148;0;2588.81;437.21
23151.3;17;148;0;2664.17;447.25
23161.35;17;148;0;2674.21;457.29
23171.39;17;148;0;2618.95;467.34
23181.44;17;148;0;2628.99;477.38
23196.32;8;149;0;2579.22;426.7
23206.66;8;149;0;2589.56;437.04
23216.7;8;149;0;2664.25;447.08
23226.71;8;149;0;2674.26;457.09
23236.75;8;149;0;2619.65;467.14
23246.8;8;149;0;2629.7;477.18
23261.65;2;150;0;2579.14;427.13
23271.98;2;150;0;2589.47;437.46
23281.99;2;150;0;2664.89;447.48
23292.03;2;150;0;2674.93;457.52
23302.07;2;150;0;2619.56;467.56
23312.12;2;150;0;2629.61;477.61
23327.87;13;152;0;2580.39;427.65
23338.11;13;152;0;2590.63;437.9
23348.12;13;152;0;2665.61;447.9
23358.16;13;152;0;2675.65;457.95
23368.21;13;152;0;2620.72;467.99
23378.25;13;152;0;2630.77;478.03
23393.47;6;153;0;2580.45;428.27
23403.64;6;153;0;2590.62;438.44
23413.64;6;153;0;2666.16;448.45
23423.69;6;153;0;2676.2;458.49
23433.73;6;153;0;2620.71;468.53
23443.77;6;153;0;2630.75;478.57
23458.58;16;154;0;2580.2;427.65
23468.85;16;154;0;2590.48;437.93
23478.9;16;154;0;2665.88;447.97
23488.94;16;154;0;2675.92;458.02
23498.95;16;154;0;2620.57;468.02
23508.99;16;154;0;2630.62;478.07
23524.06;9;155;0;2580.33;427.54
23534.11;9;155;0;2590.37;437.58
23544.13;9;155;0;2665.76;447.61
23554.18;9;155;0;2675.8;457.65
23564.19;9;155;0;2620.45;467.66
23574.23;9;155;0;2630.5;477.71
23589.16;17;156;0;2580.61;427.77
23599.2;17;156;0;2590.65;437.81
23609.25;17;156;0;2665.51;447.86
23619.29;17;156;0;2675.56;457.9
23629.34;17;156;0;2620.78;467.94
23639.38;17;156;0;2630.83;477.99
23654.28;8;157;0;2581.24;427.53
23664.32;8;157;0;2591.29;437.57
23674.37;8;157;0;2665.82;447.61
23684.41;8;157;0;2675.86;457.66
23694.46;8;157;0;2621.42;467.7
23704.5;8;157;0;2631.47;477.75
23719.54;2;158;0;2580.94;427.47
23729.59;2;158;0;2590.99;437.51
23739.63;2;158;0;2666.6;447.56
23749.63;2;158;0;2676.6;457.56
23759.64;2;158;0;2621.04;467.57
23769.68;2;158;0;2631.08;477.61
23784.27;13;159;0;2580.22;426.07
23794.51;13;159;0;2590.45;436.3
23804.55;13;159;0;2665.95;446.34
23814.6;13;159;0;2675.99;456.39
23824.63;13;159;0;2620.58;466.43
23834.66;13;159;0;2630.61;476.46
23849.8;6;160;0;2580.71;426.07
23859.97;6;160;0;2590.87;436.23
23870.01;6;160;0;2665.95;446.28
23880.04;6;160;0;2675.99;456.31
23890.09;6;160;0;2621;466.36
23900.11;6;160;0;2631.02;476.38
23914.66;16;161;0;2580.12;425.67
23924.77;16;161;0;2590.22;435.78
23934.81;16;161;0;2665.72;445.83
23944.82;16;161;0;2675.73;455.84
23954.87;16;161;0;2620.32;465.88
23964.91;16;161;0;2630.37;475.93
23980;9;162;0;2580.4;425.78
23990.32;9;162;0;2590.71;436.1
24000.33;9;162;0;2665.79;446.11
24010.38;9;162;0;2675.84;456.16
24020.42;9;162;0;2620.82;466.2
24030.47;9;162;0;2630.87;476.25
24046.59;17;163;0;2581.67;427.25
24056.76;17;163;0;2591.83;437.42
24066.8;17;163;0;2667.2;447.47
24076.85;17;163;0;2677.25;457.51
24086.89;17;163;0;2621.97;467.56
24096.92;17;163;0;2632;477.59
24111.71;8;164;0;2581.96;427.26
24121.76;8;164;0;2592;437.3
24131.77;8;164;0;2666.85;447.31
24141.78;8;164;0;2676.85;457.32
24151.82;8;164;0;2622.06;467.37
24161.87;8;164;0;2632.11;477.41
24176.76;2;165;0;2581.9;427.08
24187.09;2;165;0;2592.23;437.41
24197.13;2;165;0;2667.38;447.46
24207.18;2;165;0;2677.42;457.5
24217.22;2;165;0;2622.36;467.54
24227.27;2;165;0;2632.41;477.59
24242.78;13;166;0;2583.07;428.14
24252.82;13;166;0;2593.11;438.18
24262.85;13;166;0;2667.99;448.21
24272.89;13;166;0;2678.03;458.25
24282.94;13;166;0;2623.23;468.3
24292.98;13;166;0;2633.27;478.34
24307.89;6;167;0;2582.23;427.8
24318.11;6;167;0;2592.45;438.03
24328.12;6;167;0;2668.41;448.03
24338.17;6;167;0;2678.46;458.08
24348.21;6;167;0;2622.55;468.12
24358.26;6;167;0;2632.59;478.17
24373.29;16;168;0;2581.98;428.43
24383.5;16;168;0;2592.19;438.63
24393.55;16;168;0;2667.88;448.68
24403.59;16;168;0;2677.93;458.72
24413.64;16;168;0;2622.32;468.77
24423.68;16;168;0;2632.36;478.81
24438.48;9;169;0;2582.66;428.06
24448.63;9;169;0;2592.81;438.21
24458.65;9;169;0;2667.33;448.22
24468.69;9;169;0;2677.38;458.27
24478.71;9;169;0;2622.89;468.29
24488.72;9;169;0;2632.89;478.29
24503;17;170;0;2581.59;426.1
24513.32;17;170;0;2591.92;436.43
24523.37;17;170;0;2667.54;446.48
24533.41;17;170;0;2677.59;456.52
24543.46;17;170;0;2622.05;466.56
24553.5;17;170;0;2632.09;476.61
24569.47;8;178;0;2583.14;427.64
24579.51;8;178;0;2593.19;437.69
24589.56;8;178;0;2668.15;447.73
24599.6;8;178;0;2678.19;457.78
24609.65;8;178;0;2623.32;467.82
24619.69;8;178;0;2633.37;477.87
24634.14;2;179;0;2582.66;426.92
24644.38;2;179;0;2592.9;437.16
24654.43;2;179;0;2668.1;447.2
24664.47;2;179;0;2678.15;457.25
24674.52;2;179;0;2623.03;467.29
24684.56;2;179;0;2633.08;477.34
24700;13;53;0;2583.65;427.06
24710.19;13;53;0;2593.84;437.26
24720.24;13;53;0;2668.75;447.3
24730.27;13;53;0;2678.78;457.33
24740.31;13;53;0;2623.96;467.37
24750.35;13;53;0;2634;477.42
24765.72;6;183;0;2583.76;427.51
24776.01;6;183;0;2594.05;437.8
24786.02;6;183;0;2669.66;447.8
24796.05;6;183;0;2679.69;457.83
24806.09;6;183;0;2624.13;467.88
24816.09;6;183;0;2634.13;477.88
24830.69;16;184;0;2583.72;427.05
24840.73;16;184;0;2593.76;437.1
24850.78;16;184;0;2668.81;447.14
24860.82;16;184;0;2678.86;457.18
24870.86;16;184;0;2623.9;467.23
24880.91;16;184;0;2633.94;477.27
24896;9;89;0;2583.86;427.26
24906.04;9;89;0;2593.91;437.31
24916.09;9;89;0;2669.12;447.35
24926.11;9;89;0;2679.14;457.37
24936.15;9;89;0;2624.02;467.42
24946.19;9;89;0;2634.05;477.45
24960.65;17;52;0;2583.49;427.19
24970.82;17;52;0;2593.67;437.37
24980.87;17;52;0;2668.73;447.41
24990.91;17;52;0;2678.78;457.46
25000.96;17;52;0;2623.8;467.5
25010.97;17;52;0;2633.82;477.51
25026.57;8;185;0;2583.99;426.93
25036.62;8;185;0;2594.04;436.97
25046.66;8;185;0;2669.51;447.01
25056.67;8;185;0;2679.52;457.03
25066.68;8;185;0;2624.1;467.04
25076.73;8;185;0;2634.15;477.08
25091.57;2;186;0;2583.22;427.06
25101.8;2;186;0;2593.44;437.28
25111.81;2;186;0;2669.23;447.29
25121.86;2;186;0;2679.28;457.34
25131.89;2;186;0;2623.54;467.38
25141.94;2;186;0;2633.59;477.42
25157.69;13;56;0;2584.51;427.38
25167.87;13;56;0;2594.69;437.56
25177.91;13;56;0;2669.56;447.6
25187.96;13;56;0;2679.6;457.64
25197.97;13;56;0;2624.79;467.66
25208.01;13;56;0;2634.83;477.7
25222.32;6;3;0;2583.76;426.23
25232.52;6;3;0;2593.95;436.42
25242.52;6;3;0;2669.34;446.43
25252.57;6;3;0;2679.39;456.48
25262.61;6;3;0;2624.05;466.52
25272.66;6;3;0;2634.09;476.56
25287.74;16;100;0;2583.69;426.88
25298.06;16;100;0;2594.01;437.19
25308.1;16;100;0;2669.54;447.24
25318.15;16;100;0;2679.58;457.28
25328.19;16;100;0;2624.14;467.33
25338.24;16;100;0;2634.18;477.37
25352.88;5;4;0;2583.26;426.73
25363.09;5;4;0;2593.48;436.94
25373.14;5;4;0;2669.09;446.99
25383.18;5;4;0;2679.13;457.03
25393.23;5;4;0;2623.61;467.08
25403.27;5;4;0;2633.66;477.12
25417.79;9;142;0;5256.61;3105.66
25428.12;9;142;0;5266.94;3115.99
25438.17;9;142;0;5341.99;3126.03
25448.21;9;142;0;5352.03;3136.08
25458.25;9;142;0;5297.08;3146.12
25468.3;9;142;0;5307.12;3156.17
25483.39;0;82;0;2648.87;492.43
25493.66;0;82;0;2659.14;502.7
25503.68;0;82;0;2734.06;512.72
25513.72;0;82;0;2744.1;522.76
25523.76;0;82;0;2689.25;532.81
25533.81;0;82;0;2699.3;542.85
25548.9;17;94;0;2648.68;492.18
25559.19;17;94;0;2658.97;502.47
25569.23;17;94;0;2734.72;512.51
25579.27;17;94;0;2744.76;522.56
25589.32;17;94;0;2689.1;532.6
25599.36;17;94;0;2699.15;542.64
25614.35;8;36;0;2649.15;492.45
25624.44;8;36;0;2659.24;502.54
25634.48;8;36;0;2734.27;512.58
25644.53;8;36;0;2744.31;522.63
25654.57;8;36;0;2689.37;532.67
25664.62;8;36;0;2699.42;542.72
25679.34;2;51;0;2648.42;491.34
25689.39;2;51;0;2658.46;501.39
25699.43;2;51;0;2734.23;511.43
25709.48;2;51;0;2744.28;521.48
25719.51;2;51;0;2688.59;531.51
25729.56;2;51;0;2698.63;541.56
25743.88;13;7;0;2647.35;491.27
25754.19;13;7;0;2657.66;501.58
25764.23;13;7;0;2733.31;511.62
25774.28;13;7;0;2743.35;521.67
25784.32;13;7;0;2687.8;531.71
25794.37;13;7;0;2697.84;541.76
25809.89;6;79;0;2648.5;491.7
25820.1;6;79;0;2658.71;501.91
25830.14;6;79;0;2733.62;511.95
25840.19;6;79;0;2743.66;522
25850.23;6;79;0;2688.84;532.04
25860.28;6;79;0;2698.88;542.08
25875.04;16;29;0;2648.29;491.82
25885.1;16;29;0;2658.34;501.87
25895.14;16;29;0;2733.75;511.91
25905.19;16;29;0;2743.79;521.96
25915.23;16;29;0;2688.48;532
25925.27;16;29;0;2698.52;542.05
25941.09;5;61;0;2649.01;492.83
25951.13;5;61;0;2659.06;502.88
25961.14;5;61;0;2734.39;512.88
25971.15;5;61;0;2744.39;522.89
25981.19;5;61;0;2689.12;532.94
25991.22;5;61;0;2699.14;542.96
26005.83;9;17;0;2647.62;492.06
26016.12;9;17;0;2657.91;502.36
26026.16;9;17;0;2734.09;512.4
26036.21;9;17;0;2744.13;522.44
26046.25;9;17;0;2688.05;532.49
26056.3;9;17;0;2698.09;542.53
26070.81;0;21;0;2647.08;491.49
26080.93;0;21;0;2657.2;501.61
26090.98;0;21;0;2732.77;511.66
26101.02;0;21;0;2742.81;521.7
26111.06;0;21;0;2687.33;531.75
26121.11;0;21;0;2697.38;541.79
26135.51;17;5;0;2646.52;490.94
26145.8;17;5;0;2656.81;501.23
26155.84;17;5;0;2732.11;511.27
26165.89;17;5;0;2742.16;521.32
26175.93;17;5;0;2686.95;531.36
26185.98;17;5;0;2696.99;541.4
26200.46;8;18;0;2646.24;490.94
26210.76;8;18;0;2656.54;501.24
26220.8;8;18;0;2731.82;511.28
26230.81;8;18;0;2741.82;521.29
26240.85;8;18;0;2686.63;531.33
26250.9;8;18;0;2696.67;541.37
26266.27;2;27;0;2646.94;491.95
26276.32;2;27;0;2656.98;501.99
26286.34;2;27;0;2732.12;512.02
26296.39;2;27;0;2742.16;522.06
26306.43;2;27;0;2687.09;532.11
26316.47;2;27;0;2697.14;542.15
26331.11;13;41;0;2646.65;490.88
26341.14;13;41;0;2656.69;500.91
26351.17;13;41;0;2731.83;510.93
26361.21;13;41;0;2741.87;520.98
26371.25;13;41;0;2686.8;531.02
26381.3;13;41;0;2696.84;541.07
26395.97;6;26;0;2646.29;490.74
26406.17;6;26;0;2656.49;500.94
26416.21;6;26;0;2731.75;510.98
26426.26;6;26;0;2741.8;521.03
26436.3;6;26;0;2686.62;531.07
26446.34;6;26;0;2696.67;541.11
26461.78;16;19;0;2647.14;490.59
26471.91;16;19;0;2657.27;500.72
26481.96;16;19;0;2732.28;510.76
26492;16;19;0;2742.32;520.81
26502;16;19;0;2687.36;530.81
26512.05;16;19;0;2697.41;540.85
26526.8;5;13;0;2646.71;490.55
26537;5;13;0;2656.91;500.75
26547.04;5;13;0;2732.4;510.79
26557.09;5;13;0;2742.45;520.84
26567.13;5;13;0;2687.04;530.88
26577.18;5;13;0;2697.09;540.93
26592.22;9;30;0;2647.35;491.16
26602.27;9;30;0;2657.4;501.2
26612.31;9;30;0;2732.22;511.25
26622.36;9;30;0;2742.27;521.29
26632.4;9;30;0;2687.53;531.34
26642.44;9;30;0;2697.58;541.38
26657.05;0;32;0;2646.63;491.12
26667.09;0;32;0;2656.67;501.16
26677.14;0;32;0;2732.27;511.21
26687.18;0;32;0;2742.31;521.25
26697.23;0;32;0;2686.8;531.29
26707.27;0;32;0;2696.85;541.34
26722;17;38;0;2645.11;491.15
26732.08;17;38;0;2655.19;501.23
26742.12;17;38;0;2731.7;511.27
26752.17;17;38;0;2741.74;521.32
26762.21;17;38;0;2685.32;531.36
26772.26;17;38;0;2695.36;541.4
26787.34;8;0;0;2645.52;490.91
26797.41;8;0;0;2655.59;500.98
26807.42;8;0;0;2730.53;510.99
26817.47;8;0;0;2740.57;521.04
26827.47;8;0;0;2685.65;531.04
26837.52;8;0;0;2695.7;541.09
26852.65;2;28;0;2645.43;491.4
26862.97;2;28;0;2655.75;501.71
26872.99;2;28;0;2731.17;511.74
26883.04;2;28;0;2741.21;521.78
26893.08;2;28;0;2685.86;531.83
26903.13;2;28;0;2695.9;541.87
26917.74;13;45;0;2644.8;491.44
26927.93;13;45;0;2654.99;501.63
26937.97;13;45;0;2730.75;511.67
26948.02;13;45;0;2740.79;521.72
26958.06;13;45;0;2685.13;531.76
26968.11;13;45;0;2695.17;541.81
26982.99;6;14;0;2644.77;490.94
26993.03;6;14;0;2654.82;500.98
27003.07;6;14;0;2730.14;511.03
27013.12;6;14;0;2740.18;521.07
27023.14;6;14;0;2684.93;531.1
27033.19;6;14;0;2694.98;541.14
27048.08;16;57;0;2644.44;490.95
27058.32;16;57;0;2654.69;501.19
27068.37;16;57;0;2730.16;511.23
27078.41;16;57;0;2740.2;521.28
27088.46;16;57;0;2684.82;531.32
27098.46;16;57;0;2694.82;541.32
27113.34;5;10;0;2644.6;490.94
27123.39;5;10;0;2654.66;500.99
27133.44;5;10;0;2729.8;511.04
27143.48;5;10;0;2739.85;521.08
27153.53;5;10;0;2684.79;531.13
27163.57;5;10;0;2694.84;541.17
27178.04;9;31;0;2644.59;490.82
27188.42;9;31;0;2654.96;501.19
27198.43;9;31;0;2729.69;511.2
27208.47;9;31;0;2739.74;521.24
27218.51;9;31;0;2685.06;531.29
27228.56;9;31;0;2695.1;541.33
27243.16;0;11;0;2643.51;490.95
27253.21;0;11;0;2653.56;501
27263.26;0;11;0;2729.8;511.04
27273.3;0;11;0;2739.84;521.09
27283.34;0;11;0;2683.7;531.13
27293.39;0;11;0;2693.74;541.18
27307.95;17;20;0;2643.44;490.44
27318.3;17;20;0;2653.78;500.79
27328.34;17;20;0;2728.7;510.83
27338.37;17;20;0;2738.72;520.86
27348.41;17;20;0;2683.89;530.9
27358.46;17;20;0;2693.94;540.95
27373.2;8;22;0;2642.89;490.12
27383.34;8;22;0;2653.03;500.26
27393.39;8;22;0;2728.87;510.31
27403.43;8;22;0;2738.92;520.35
27413.48;8;22;0;2683.17;530.4
27423.52;8;22;0;2693.21;540.44
27438.57;2;39;0;2642.48;490.5
27448.61;2;39;0;2652.52;500.55
27458.66;2;39;0;2728.34;510.59
27468.7;2;39;0;2738.39;520.64
27478.7;2;39;0;2682.61;530.64
27488.75;2;39;0;2692.66;540.69
27503.23;13;43;0;2642.37;490.07
27513.44;13;43;0;2652.57;500.28
27523.48;13;43;0;2727.39;510.32
27533.53;13;43;0;2737.44;520.37
27543.57;13;43;0;2682.71;530.41
27553.62;13;43;0;2692.75;540.46
27568.82;6;25;0;2642.67;490.36
27578.95;6;25;0;2652.8;500.49
27589;6;25;0;2728.13;510.54
27599.04;6;25;0;2738.18;520.58
27609.08;6;25;0;2682.93;530.63
27619.11;6;25;0;2692.96;540.66
27634.25;16;6;0;2643.29;490.72
27644.5;16;6;0;2653.54;500.97
27654.54;16;6;0;2728.39;511.02
27664.59;16;6;0;2738.43;521.06
27674.63;16;6;0;2683.67;531.1
27684.68;16;6;0;2693.72;541.15
27699.39;5;8;0;2642.67;490.88
27709.44;5;8;0;2652.72;500.93
27719.49;5;8;0;2728.53;510.97
27729.53;5;8;0;2738.57;521.02
27739.58;5;8;0;2682.86;531.06
27749.62;5;8;0;2692.9;541.11
27764.66;9;1;0;2642.76;491.32
27774.71;9;1;0;2652.81;501.36
27784.75;9;1;0;2728.03;511.41
27794.8;9;1;0;2738.08;521.45
27804.84;9;1;0;2682.94;531.5
27814.89;9;1;0;2692.99;541.54
27829.33;0;9;0;2641.33;490.91
27839.66;0;9;0;2651.66;501.24
27849.7;0;9;0;2727.8;511.29
27859.74;0;9;0;2737.84;521.33
27869.79;0;9;0;2681.79;531.38
27879.83;0;9;0;2691.83;541.42
27894.81;17;12;0;2642.2;491.33
27904.85;17;12;0;2652.24;501.37
27914.9;17;12;0;2726.9;511.42
27924.94;17;12;0;2736.94;521.46
27934.98;17;12;0;2682.37;531.51
27945.03;17;12;0;2692.42;541.55
27959.74;8;15;0;2641.55;491
27969.79;8;15;0;2651.6;501.04
27979.83;8;15;0;2727.22;511.09
27989.88;8;15;0;2737.27;521.13
27999.92;8;15;0;2681.73;531.18
28009.96;8;15;0;2691.77;541.21
28024.73;2;23;0;2641.5;491.16
28035.09;2;23;0;2651.86;501.52
28045.13;2;23;0;2726.94;511.56
28055.13;2;23;0;2736.94;521.56
28065.18;2;23;0;2681.95;531.61
28075.22;2;23;0;2691.99;541.65
28089.78;13;24;0;2641.52;490.69
28099.82;13;24;0;2651.57;500.74
28109.87;13;24;0;2726.64;510.78
28119.91;13;24;0;2736.68;520.83
28129.95;13;24;0;2681.7;530.87
28140;13;24;0;2691.74;540.91
28155.13;6;35;0;2641.37;490.5
28165.31;6;35;0;2651.55;500.68
28175.36;6;35;0;2727.1;510.73
28185.4;6;35;0;2737.15;520.77
28195.45;6;35;0;2681.68;530.82
28205.46;6;35;0;2691.7;540.83
28220;16;42;0;2640.68;490.42
28230.04;16;42;0;2650.73;500.47
28240.09;16;42;0;2726.32;510.51
28250.13;16;42;0;2736.37;520.56
28260.18;16;42;0;2680.86;530.6
28270.22;16;42;0;2690.9;540.65
28285.31;5;138;0;19269.32;17117.86
28295.37;5;138;0;19279.38;17127.92
28305.42;5;138;0;19355.27;17137.96
28315.46;5;138;0;19365.31;17148.01
28325.48;5;138;0;19309.49;17158.03
28335.53;5;138;0;19319.54;17168.07
28349.89;9;47;0;2640.37;490.1
28360;9;47;0;2650.48;500.21
28370.04;9;47;0;2725.47;510.26
28380.09;9;47;0;2735.52;520.3
28390.13;9;47;0;2680.61;530.35
28400.18;9;47;0;2690.66;540.39
28415.27;0;48;0;2640.95;490.28
28425.6;0;48;0;2651.28;500.62
28435.64;0;48;0;2726.12;510.66
28445.69;0;48;0;2736.17;520.7
28455.73;0;48;0;2681.41;530.75
28465.78;0;48;0;2691.45;540.79
28481.33;17;49;0;2641.1;491.41
28491.37;17;49;0;2651.14;501.45
28501.42;17;49;0;2727.1;511.5
28511.46;17;49;0;2737.14;521.54
28521.51;17;49;0;2681.28;531.58
28531.55;17;49;0;2691.32;541.63
28545.97;8;50;0;2640.74;490.8
28556.06;8;50;0;2650.83;500.88
28566.1;8;50;0;2725.87;510.93
28576.15;8;50;0;2735.92;520.97
28586.19;8;50;0;2680.96;531.02
28596.24;8;50;0;2691.01;541.06
28611.2;2;54;0;2640;491.24
28621.26;2;54;0;2650.07;501.31
28631.31;2;54;0;2726.08;511.35
28641.35;2;54;0;2736.12;521.4
28651.37;2;54;0;2680.17;531.41
28661.41;2;54;0;2690.22;541.46
28676.38;13;55;0;2640.12;490.93
28686.53;13;55;0;2650.27;501.08
28696.57;13;55;0;2725.38;511.12
28706.61;13;55;0;2735.42;521.17
28716.66;13;55;0;2680.41;531.21
28726.7;13;55;0;2690.45;541.26
28741.75;6;58;0;2640.69;491.57
28752;6;58;0;2650.94;501.82
28762.04;6;58;0;2725.79;511.87
28772.09;6;58;0;2735.84;521.91
28782.1;6;58;0;2681.04;531.92
28792.13;6;58;0;2691.06;541.95
